Address,City,State
585 Brookwood Village,Birmingham,AL
"4730 Chace Circle, Suite 104",Hoover,AL
1873 Cherokee Avenue,Cullman,AL
"3345 Lowery Pkwy, Suite 107",Fultondale,AL
"300 Doug Baker Blvd., Suite 300",Birmingham,AL
"5084 Pinnacle Square, Suite 104",Trussville,AL
"1800 McFarland Blvd., #606",Tuscaloosa,AL
121 N. College Street,Auburn,AL
6860 US 90 Suite A,Daphne,AL
1241 Point Mallard Parkway,Decatur,AL
"4650 W. Main St., Ste. 602",Dothan,AL
2881 Florence Blvd.,Florence,AL
3117 South McKenzie Street,Foley,AL
1395A Enterprise Way,Huntsville,AL
2724C Carl T Jones Dr ste C,Huntsville,AL
4663 Airport Blvd.,Mobile,AL
1225 Satchel Page Drive,Mobile,AL
7220 Eastchase Parkway,Montgomery,AL
1221 Memorial Pkwy NW,Huntsville,AL
2731 Legends Pkwy #14,Prattville,AL
5319 Hwy 90 W,Mobile,AL
3078 Zelda Rd.,Montgomery,AL
1515 N. 7th Ave,Pheonix,AZ
4803 East Ray Rd,Phoenix,AZ
"2641 N. 44th St., Ste 100",Phoenix,AZ
7635 West Bell Road,Peoria,AZ
425 E. Bell Rd,Phoenix,AZ
2802 N. Campbell Ave.,Tucson,AZ
680 South Mill Ave,Tempe,AZ
3395 West Chandler Blvd.,Chandler,AZ
"50 W. Jefferson Street, Suite 180",Phoenix,AZ
1902 South Val Vista Dr.,Mesa,AZ
"1800 S. Milton Ave., Suite 300",Flagstaff,AZ
1507 N. Litchfield Rd.,Goodyear,AZ
"9484 E. 22nd Street, Suite 110",Tucson,AZ
3455 Stockton Hill Rd,Kingman,AZ
2340 E. Baseline Rd #172,Phoenix,AZ
"1229 S. Power Rd, Ste 110",Mesa,AZ
4362 N. Oracle Road,Tucson,AZ
"3705 S. Arizona Ave., Ste 6",Chandler,AZ
"401 South Beeline Hwy., Unit 104",Payson,AZ
254 Lee Blvd. Suite 100,Prescott,AZ
4902 E. Shea Blvd.,Phoenix,AZ
15435 Scottsdale Rd,Scottsdale,AZ
"7014 E. Camelback Rd, Ste 562",Scottsdale,AZ
5331 S. Calle Santa Cruz #125,Tucson,AZ
"13714 West Bell Road, #2",Surprise,AZ
"16900 Tatum Blvd, suite 100",Phoenix,AZ
"7077 N. Thornydale Road, Ste. 105",Marana,AZ
"5566 E. Broadway Blvd., Ste. 100",Tucson,AZ
"1979 E. 16th Street, Ste. 101",Yuma,AZ
"7110 Rogers Ave., Suite 106",Ft. Smith,AR
2100 Stadium Blvd.,Jonesboro,AR
2923 Lakewood Village,North Little Rock,AR
2007 Promenade Blvd.,Rogers,AR
13000 Chenal Parkway #100,Little Rock,AR
"29 Palms, Marine Corps Base",Twentynine Palms,CA
2260 Callagan Hwy,San Diego,CA
2254 South Shore Center,Alameda,CA
190 Alamo Plaza,Alamo,CA
5353 Almaden Expressway N60,San Jose,CA
1229 East Grand Ave #103,Arroyo Grande,CA
390 North Citrus Ave. Ste 390,Azusa,CA
"5650 Balboa Av, Genesee Plaza",San Diego,CA
1000 El Camino Real,Belmont,CA
403 West Imperial Hwy.,Brea,CA
"6660 Lone Tree Way, Ste. 8A",Brentwood,CA
"1085 E. Brokaw Rd., Suite 70",San Jose,CA
201 East Magnolia Ave.,Burbank,CA
203 Primrose Ave.,Burlingame,CA
48650 Seminole Dr. Food Court Unit #210C,Cabazon,CA
"1855 41st ave, Space F02",Capitola,CA
Palomar Airport Road,Carlsbad,CA
20700 Avalon Blvd,Carson,CA
11461 South St Ste. B5,Cerritos,CA
1552 S Azusa Ave,City of Industry,CA
5442 Ygnacio Valley Rd,Concord,CA
1840 Herndon Ave,Clovis,CA
2690 Tuscany Street,Corona,CA
3030 Harbor Blvd,Costa Mesa,CA
8650 Genesee Ave,San Diego,CA
6931 Katella Ave.,Cypress,CA
8901 Apollo Way,Downey,CA
4930 Dublin Blvd.,Dublin,CA
345 Fletcher Parkway,San Diego,CA
"6623 N. Riverside Drive, Suite 105",Fresno,CA
460 N. Sepulveda Blvd.,El Segundo,CA
9257 Laguna Springs Dr. #190,Elk Grove,CA
130 N. El Camino Real,Encinitas,CA
1348 West Valley Parkway,Escondido,CA
1570 Gateway Blvd.,Fairfield,CA
523 E. Shaw Ave.,Fresno,CA
401 Newport Center Drive,Newport Beach,CA
735 S Figueroa St,Los Angeles,CA
"15218 Summit Ave., Ste. A100",Fontana,CA
"933 East Hillsdale Blvd., Ste. A5",Foster City,CA
6000 Sepulveda Blvd.,Culver City,CA
43518 Christy St. #RF-2,Fremont,CA
444 North State College Boulevard,Fullerton,CA
19621 Hesperian Blvd,Hayward,CA
"12719 Main Street, #420",Hesperia,CA
670 University Ave.,San Diego,CA
"525 E. Hospitality Ln., Ste. D",San Bernardino,CA
18645 Beach Blvd,Huntington Beach,CA
78-445 Hwy. 111,La Quinta,CA
"32341 Golden Lantern, Suite H",Laguna Niguel,CA
4625 Candlewood Street,Lakewood,CA
2445 Truxton Rd.,San Diego,CA
2640 Reynolds Ranch Parkway Suite 140,Lodi,CA
6650 E. Pacific Coast Highway,Long Beach,CA
2140 Daniels St.,Manteca,CA
"27774 Newport Rd., Suite F-103",Menifee,CA
3572 G Street,Merced,CA
6285 Pats Ranch Road Suite A,Mira Loma,CA
24391 Alicia Parkway,Mission Viejo,CA
487 N. Moorpark Rd.,Thousand Oaks,CA
12515 Frederick St,Moreno Valley,CA
"775 Cochrane Rd., Ste. 100",Morgan Hill,CA
2098 El Camino Real,Mountain View,CA
4630 Natomas Blvd Ste 100,Sacramento,CA
Naval Air Station North Island,San Diego,CA
1255 Hamner Ave.,Norco,CA
8850 Tampa Ave. Suite 102,Northridge,CA
1549 E. Katella Ave.,Orange,CA
2730 Portico Way,Oxnard,CA
1020 Garnet Ave,San Diego,CA
"5200 E. Ramon Road, Suite F2",Palm Springs,CA
39332 10th Street West Ste 32 & 33,Palmdale,CA
"401 Kenilworth Street, #650",Petaluma,CA
2780 Pinole Valley Rd.,Pinole,CA
100 Crescent Drive,Pleasant Hill,CA
13301 Poway Road,Poway,CA
5205 Prospect Road,San Jose,CA
7945 Haven Ave,Rancho Cucamonga,CA
"71-800 Hwy. 111, Ste. 134A",Rancho Mirage,CA
"961 Dana Drive, Suite 150",Redding,CA
"32195 Temecula Parkway, Suite 104",Temecula,CA
10060 Alabama St.,Redlands,CA
801 Middlefield Road,Redwood City,CA
180 E. Paseo Del Centro,Fresno,CA
"2207 Claribel Road, Suite B",Riverbank,CA
"Rosedale Village Shopping Center, 2701 Calloway Drive, Suite 400",Bakersfield,CA
8620 Sierra College Blvd,Roseville,CA
1742 North Main Street,Salinas,CA
"1150 El Camino Real, #220",San Bruno,CA
1050 West Gladstone St,San Dimas,CA
5660 Cottle Road,San Jose,CA
1205 The Alameda,San Jose,CA
2007 Camden Ave,San Jose,CA
4180 N First St Suite 50,San Jose,CA
Grand Plaza South Las Posas Drive,San Marcos,CA
"1101 Pacific Ave., Ste. A",Santa Cruz,CA
10140 Carmenita Rd,Whittier,CA
"2280 Mendocino Ave, Ste. B-5",Santa Rosa,CA
"2650 Tapo Canyon Road, Ste. 101",Simi Valley,CA
5633 Pacfic Ave,Stockton,CA
12930 Venture Blvd. Suite 106,Studio City,CA
116 E. El Camino Real,Sunnyvale,CA
"2310 Sunrise Boulevard, Suite 1",Rancho Cordova,CA
40426 Winchester Rd,Temecula,CA
121 Curtner Ave,San Jose,CA
23240 Hawthorne Blvd #101,Torrance,CA
2970 West Grant Line Road,Tracy,CA
2427 Park Ave.,Tustin,CA
530 W. 27th St,Los Angeles,CA
"1651 Monte Vista Ave., Building 4",Vacaville,CA
24201 W Valencia Blvd,Valencia,CA
South Mooney Blvd.,Visalia,CA
"40 Main St, Suite 110",Vista,CA
1455 Plaza Drive,West Covina,CA
8731 Santa Monica Blvd.,West Hollywood,CA
"768 Ikea Court, Suite 120",West Sacramento,CA
2278 Westborough Blvd,South San Francisco,CA
"5550 Wilshire Blvd., Suite 101D",Los Angeles,CA
"1693 West Lacey Boulevard, Suite A",Hanford,CA
2300 South Parker Rd,Aurora,CO
"1855 29th Street, #1154",Boulder,CO
4480 W. 121st Ave.,Broomfield,CO
2023 S. Colorado Blvd. Unit A,Denver,CO
"34 E. Allen Street, Ste. 100",Castle Rock,CO
14630 West Colfax Ave.,Lakewood,CO
6710 S. Cornerstar Way,Aurora,CO
"4989 S. Broadway, Suite A",Englewood,CO
3336 Cinema Point,Colorado Springs,CO
"570 Zang Street, Suite A",Broomfield,CO
1335 W. Elizabeth St,Fort Collins,CO
8547 E. Arapahoe Road,Greenwood Village,CO
"2842 Council Tree Ave, Suite 173",Fort Collins,CO
9352 South Colorado Blvd.,Highlands Ranch,CO
9992 Commons St. 8300,Lonetree,CO
1708 Main St,Longmont,CO
8201 E Northfield Blvd.,Denver,CO
"7252 N. Academy Blvd., #120",Colorado Springs,CO
23963 E. Prospect Ave.,Aurora,CO
3751 N. Tower Rd.,Aurora,CO
255 West Main St.,Avon,CT
855 West Main street,Branford,CT
121 Federal Rd. Brookfield,Brookfield,CT
"1442 Pleasant Valley Rd, Suite A",Manchester,CT
91 Church Street,New Haven,CT
295 Flanders Rd.,East Lyme,CT
168 Elm St.,Enfield,CT
"Kings Crossing, 340 Grasmere Ave.",Fairfield,CT
278 Scott Swamp Road,Farmington,CT
2944 Main Street,Glastonbury,CT
143 Gold Star Highway,Groton,CT
533 S. Broad Street,Meriden,CT
560 Washington St,Middletown,CT
12 Coogan Blvd,Mystic,CT
75 Amity Road,New Haven,CT
New Milford Plaza Danbury Road,New Milford,CT
255 South Main Street,Newtown,CT
420 Westport Ave,Norwalk,CT
13-15 Salem Turnpike,Norwich,CT
Spencer Plains Rd. & Boston Post Rd,Old Saybrook,CT
440 Boston Post Rd,Orange,CT
819 Bridgeport Ave,Shelton,CT
1221 High Ridge Road,Stamford,CT
326 North Main Street,West Hartford,CT
534 Post Road East,Westport,CT
1249 Quintilio Drive,Bear,DE
111 Garfield Parkway,Bethany Beach,DE
136 Lantana Drive,Hockessin,DE
3234 B Kirkwood Highway,Wilmington,DE
47A Rehoboth Ave,Rehoboth Beach,DE
2217 Concord Pike,Wilmington,DE
1300 Second St,Washington,DC
808 H Street NW,Washington,DC
320 Riggs Road NE,Washington,DC
"1400 Irving Street, NW",Washington,DC
470 L'Enfant Plaza East Promenade Level 809,Washington,DC
1400 I Street,Washington,DC
13th and F Streets NW,Washington,DC
1100 New Jersey Ave SE,Washington,DC
13286 Biscayne Blvd.,N. Miami,FL
3310 B SW 35th Blvd,Gainesville,FL
16230 SUMMERLIN ROAD,Ft. Myers,FL
3268 Forum Blvd,Ft. Myers,FL
"19501 Biscayne Blvd., Unit 3204A",Aventura,FL
"Baldwin Park, 4821 New Broad St.",Orlando,FL
13760 Old St. Augustine Rd. Ste. 101,Jacksonville,FL
"401 Biscayne Blvd., Space N226",Miami,FL
"7335 Radio Road, #109",Naples,FL
2240 NW 19th St. #900,Boca Raton,FL
1000 N. Congress Ave. Ste.110,Boynton Beach,FL
6783 Manatee Ave. West,Bradenton,FL
13165 Cortez Blvd.,Brooksville,FL
3642 Kiessel Road,The Villages,FL
14398 N. Dale Mabry Hwy.,Tampa,FL
6240 W Irlo Bronson Memorial Hwy. 192,Celebration,FL
2689 Gulf to Bay Blvd.,Clearwater,FL
23050 Via Villagio Pkwy,Estero,FL
"12640 S. Cleveland Avenue, Unit 201",Ft. Myers,FL
1540 S. Dixie Highway (US 1),Coral Gables,FL
1860 NE Pine Island Road,Cape Coral,FL
6365 N. Andrews Ave.,Ft. Lauderdale,FL
2470 International Speedway Blvd,Daytona Beach,FL
296 S. Federal Hwy.,Deerfield Beach,FL
"571 Linton Blvd., #B-2",Delray Beach,FL
9725 NW 41st Street,Doral,FL
8031 Turkey Lake Rd. Suite 100,Orlando,FL
440 East Chase St.,Pensacola,FL
8606 Elm Fair Blvd,Tampa,FL
1433 SW 107 Ave.,Miami,FL
1571 County Rd. 220,Orange Park,FL
75 Eglin Parkway NE Unit 115,Ft. Walton Beach,FL
5354 Fruitville Rd.,Sarasota,FL
1410 Pine Ridge Rd,Naples,FL
7729 Collier Blvd. Suite 501,Naples,FL
800 E. Hallandale Beach Blvd.,Hallandale Beach,FL
1818 Cordova Rd.,Fort Lauderdale,FL
8324 International Drive,Orlando,FL
"2532 W. Indiantown Road, #10",Jupiter,FL
10471 SW 88th Street,Miami,FL
3841 W. Kennedy Blvd,Tampa,FL
3499 Thomasville Rd.,Tallahassee,FL
1310 W.Osceola Pkwy,Kissimmee,FL
586 Highway 27/441,Lady Lake,FL
2888 W US 90,Lake City,FL
13680 Walsingham Road,Largo,FL
6125 S. Semoran Blvd. #108,Orlando,FL
13440 SW 120th St.,Miami,FL
10061 San Jose Blvd,Jacksonville,FL
7268 W. Atlantic Blvd,Margate,FL
13020 Livingston Road,Naples,FL
500 E Merritt Island Cswy,Merritt Island,FL
3120 S. Kirkman Road,Orlando,FL
1500 Washington Ave.,Miami Beach,FL
"1872 Thomasville Road, Suite B",Tallahassee,FL
3256 Buena Vista Blvd.,Miami,FL
4222 NW 16th Blvd,Gainesville,FL
17 Poinciana Blvd,Miramar Beach,FL
19009 Hwy 441,Mount Dora,FL
6431 County Line Rd Suite #114,Tampa,FL
4660 N. Socrum Loop Rd,Lakeland,FL
17819 Tamiami Trail,North Port,FL
"9630 Applecross Rd, Suite #106",Jacksonville,FL
2701 SW College Road,Ocala,FL
2520 S. Orange Ave.,Orlando,FL
898 Saxon Rd.,Orange City,FL
1910 Wells Rd. C02D-5,Orange Park,FL
8001 S. Orange Blossom Trail,Orlando,FL
"3267 Hodges Blvd., #6",Jacksonville,FL
4796 Highway 90,Pace,FL
11320 Legacy Avenue Suite 100,Palm Beach Gardens,FL
300 East Lake Rd,Palm Harbor,FL
657 West 23rd St.,Panama City,FL
"700 Pier Park Drive, Suite 100",Panama City Beach,FL
11097 Pines Blvd.,Pembroke,FL
1690 Airport Blvd Suite 800,Pensacola,FL
9457 S. Dixie Hwy,Pinecrest,FL
7056 US Hwy 19N,Pinellas Park,FL
801 S. University Dr. suite B114,Plantation,FL
"1900 Tamiami Trl., Ste. 100",Port Charlotte,FL
5543 S. Williamson Blvd. #915,Port Orange,FL
13249 City Square Drive,Jacksonville,FL
2814 N. Roosevelt Blvd,Key West,FL
W Sand Lake Road & S John Young Parkway,Orlando,FL
8447 Cooper Creek Boulevard,Sarasota,FL
6593 S. Tamiami Trail,Sarasota,FL
307 US 27 North,Sebring,FL
2641 S. Florida Ave,Lakeland,FL
9039 Southside Blvd,Jacksonville,FL
9548 Southwest Highway 200,Ocala,FL
4413 Town Center Pkwy Unit 401,Jacksonville,FL
1707 NW St. Lucie W. Blvd,Port St. Lucie,FL
2185 SE Federal Hwy.,Stuart,FL
4304 S. Dale Mabry Highway,Tampa,FL
2612 Santa Barbara Blvd,Cape Coral,FL
10700 SR-54,Trinity,FL
1458 66th Street North,St. Petersburg,FL
"2702 E Fowler Ave. , Unit 1A",Tampa,FL
229 E Altamonte Dr,Altamonte Springs,FL
1355 US Highway 1,Vero Beach,FL
2230 Town Center Ave.,Viera,FL
551 N. Alafaya Trail,Orlando,FL
"10200 Forest Hill Blvd, Suite 150",Wellington,FL
1513 W. Brandon Blvd.,Brandon,FL
"225 Palm Bay Rd NE, Suite #182",Melbourne,FL
13585 Tamiami Trl N #20,Naples,FL
"Winter Garden Village, 3107 Daniels Road",Winter Garden,FL
"399 Cypress Gardens Blvd,",Winterhaven,FL
5848 Red Bug Lake Road,Winter Springs,FL
6022 Winthrop Town Centre Avenue,Riverview,FL
7954 Gall Boulevard,Zephrhills,FL
4969 International Drive,Orlando,FL
3450 Cobb Parkway NW,Acworth,GA
2630 Dawson Road,Albany,GA
3620 Camp Creek Parkway,Atlanta,GA
1253 Caroline Street,Atlanta,GA
1000 Northside Drive,Atlanta,GA
"2805 Washington Road, Suite A",Augusta,GA
1757 East West Connector,Austell,GA
175 W. Bay St.,Savannah,GA
900 Glynn Isles,Brunswick,GA
1359 Riverstone Pkwy,Canton,GA
445 Cherokee Place,Cartersville,GA
1891 Chamblee Tucker Road,Chamblee,GA
5413 Wittlesey Blvd Suite,Columbus,GA
301 Steven B. Tanger Blvd,Commerce,GA
1550 Hwy 138 SE,Conyers,GA
2235 Marketplace Blvd,Cumming,GA
3465 Braselton Highway Suite 110,Dacula,GA
1303 W. Walnut Ave,Dalton,GA
143 Power Center Drive Suite 150,Dawsonville,GA
2987 Chapel Hill Rd,Douglasville,GA
101 College Avenue,Athens,GA
1850 Epps Bridge Parkway,Athens,GA
4324 Washington Rd,Evans,GA
1122 Dawsonville Hwy #100,Gainesville,GA
600 Chastain Road,Kennesaw,GA
798 Lawrenceville Suwanee Rd,Lawrenceville,GA
"3393 Peachtree Road, NE Suite 1011",Atlanta,GA
"4018 Atlanta Highway, Suite 224",Loganville,GA
120 Tom Hill SR Blvd.,Macon,GA
1508 GA 20 W,McDonaugh,GA
"860 Peachtree Street, Suite A",Atlanta,GA
240 Newnan Crossing Bypass,Newnan,GA
1000 Northpoint Cir Ste 2192,Alpharetta,GA
6410 N. Point Parkway,Alpharetta,GA
1611 Satellite Blvd,Duluth,GA
2707 West Hwy 54,Peachtree City,GA
3105 Peachtree Parkway Suite 100,Suwanee,GA
"6 Mill Creek Circle, Suite B",Pooler,GA
1701B Norman Drive,Valdosta,GA
4648 Woodstock Rd,Roswell,GA
6297 Roswell Road,Sandy Springs,GA
4500 West Village Place,Smyrna,GA
4306 Lawrenceville Highway,Tucker,GA
"5500 Abercorn Street, Suite 38",Savannah,GA
"113 Margie Dr., Suite A",Warner Robins,GA
4690 US Highway 80 E,Whitemarsh Island,GA
5230 Windward Parkway Suite 104,Alpharetta,GA
871 Ridgewalk Parkway,Woodstock,GA
"91-5431 Kapolei Pkwy., C-102",Kapolei,HI
95-1249 Meheula Pkwy,Mililani,HI
2541 S. 25th E,Idaho Falls,ID
321 S. 8th Street,Boise,ID
1587 N Milwaukee St,Boise,ID
2830 North Eagle Rd,Meridian,ID
235 W. Quinn Rd. Suite 300,Pocatello,ID
1295 Pole Line Rd,Twin Falls,ID
7124 Cermack Road,Berwyn,IL
383 West Army Trail Road,Bloomingdale,IL
"741 E. Boughton Rd., Suite 128",Bolingbrook,IL
1617 Illinois Route 50,Bradley,IL
901-B W. Anthony Drive,Champaign,IL
9620 S Ridgeland Avenue,Chicago Ridge,IL
"2368 N. Clark St., Unit 1",Chicago,IL
"6000 Northwest Hwy., 13-G",Crystal Lake,IL
336 Ogden Ave.,Downers Grove,IL
1314 Commons Dr,Geneva,IL
2141 Willow Road,Glenview,IL
"6310 Grand Ave, Ste 102",Gurnee,IL
1456 E. 53rd St.,Chicago,IL
2694 Plainfield Rd,Joliet,IL
21720 Long Grove Rd,Kildeer,IL
2140 N. Clybourn Ave.,Chicago,IL
3315 W. Touhy Ave,Lincolnwood,IL
4807 211th Street,Matteson,IL
1384 Winston Plaza,Melrose Park,IL
NEC Rand Rd. & Kensinton Rd.,Mt. Prospect,IL
6474 N Sheridan Rd,Chicago,IL
22 E Chicago Ave.,Naperville,IL
2856 Illinois 59,Naperville,IL
2401 Lincoln Hwy,New Lenox,IL
1115 Lake Street,Oak Park,IL
15837 South LaGrange Rd,Orland Park,IL
2804 Route 34,Oswego,IL
25 S. Northwest Hwy.,Park Ridge,IL
2601 W. Lake Ave,Peoria,IL
22 South Clinton Ave,Chicago,IL
611 Highgrove Place,Rockford,IL
1323 Golf Road,Rolling Meadows,IL
1428 N. Meacham Rd.,Schaumburg,IL
1146-1150 South Wabash,Chicago,IL
2501 Wabash Ave.,Springfield,IL
6570 N. Illinois St. #100,Fairview Heights,IL
15840 S. Harlem Ave,Orland Park,IL
701 N. Milwaukee Ave.,Vernon Hills,IL
141 Danada Square West,Wheaton,IL
"3232 Lake Ave., Suite 240",Wilmette,IL
1199 South College Mall Road,Bloomington,IN
"124 E. Northfield Drive, Ste. H",Brownsburg,IN
2009-8 East Greyhound Pass,Carmel,IN
5317 E. 82nd Street,Indianapolis,IN
135 S. Chauncy Ave. Suite 1-K,West Lafayette,IN
9808 E Washington - Suite 600,Indianapolis,IN
"1675 N. National Rd, Ste. A",Columbus,IN
1233 Eddy St. #10,South Bend,IN
5402 E. Indiana St.,Evansville,IN
11670 Commercial Drive,Fishers,IN
7815 South US 31,Indianapolis,IN
1620 East Blvd.,Kokomo,IN
5226 Franklin St,Michigan City,IN
"University Park Mall, 6501 N. Grape Rd. #1105",Mishawaka,IN
8231 Calumet Ave.,Munster,IN
"2221 State Street, Suite A",New Albany,IN
13971 Town Center Blvd,Noblesville,IN
801 G1-Northcrest Shopping Center,Fort Wayne,IN
6036 Hwy 6,Portage,IN
"9210 Rockville Rd., Unit 1",Indianapolis,IN
1575 US Hwy 41,Schererville,IN
"5399 S. U.S. Highway 41, Ste. 101",Terre Haute,IN
"5830 W. Jefferson Blvd., Ste. 26B",Fort Wayne,IN
"2505 Laporte Ave., Suite 171",Valparaiso,IN
2902 W. 86th St,Indianapolis,IN
157 Collins Rd NE,CEDAR RAPIDS,IA
"3450 Dodge Street, Suite B",Dubuque,IA
"455 S. 64th Street, Suite 300",West Des Moines,IA
2929 N. Rock Rd,Wichita,KS
2223 N. Lorraine,Hutchinson,KS
3930 Rainbow Blvd.,Kansas City,KS
"2040 31st Street, Suite B",Lawrence,KS
1803 Village West Parkway,Kansas City,KS
518 Tuttle Creek Blvd. Suite 120,Manhattan,KS
"5922 Barkley St., Suite 101",Mission,KS
11331 W. 95th St. Space 07,Overland Park,KS
14965 West 119th St.,Olathe,KS
1025 East Douglas Ave.,Wichita,KS
12025 Metcalf Ave,Overland Park,KS
"3015 South 9th St., Suite A",Salina,KS
"1191 SW Wanamaker, Suite B",Topeka,KS
2616 N. Maize Rd,Wichita,KS
13303 Shelbyville Road Suite 104,Louisville,KY
4903 Outer Loop,Louisville,KY
4226 Shelbyville Road,Louisville,KY
"3090 Helmsdale Place, Suite 370",Lexington,KY
1689 Campbell Lane; Suite 500,Bowling Green,KY
2887 Dixie Highway,Crestview Hills,KY
1 Levee Way,Newport,KY
2467 Nicholasville Rd,Lexington,KY
4116 Summit Plaza Dr. #A9,Louisville,KY
7668 Mall Road,Florence,KY
3428 Mount Moriah Ave,Owensboro,KY
3601 North Blvd. Suite C,Alexandria,LA
"2113 Airline Drive, Suite 600",Bossier City,LA
70415 Highway 21,Covington,LA
"1212 S. Clearview Parkway, Ste. C",Harahan,LA
421 N. Carrollton Ave.,New Orleans,LA
"4302 Ambassador Caffery Pkwy., Suite 100",Lafayette,LA
2950 Ryan Street,Lake Charles,LA
3100 Severn Ave,Metairie,LA
"7041 Youree Drive, Ste. 200",Shreveport,LA
116 North Town Center Blvd.,Slidell,LA
2380 Towne Center Blvd,Baton Rouge,LA
1523 Manhattan Blvd. B-1,Harvey,LA
205 Thomas Rd,West Monroe,LA
3332 Highland Dr.,Baton Rouge,LA
14640 Village Market St.,Baton Rouge,LA
"5 Senator Way Building 3, Suite 2",Augusta,ME
878 Stillwater Ave,Bangor,ME
6 Old Dogs Lane,Biddeford,ME
170 Bath Road,Brunswick,ME
425 Fore Street,Portland,ME
198 Maine Mall Road,South Portland,ME
1046 Annapolis Mall Rd,Annapolis,MD
7690 Dorchester Blvd,Hanover,MD
3600 Boston Street,Baltimore,MD
7091 Security Boulevard,Baltimore,MD
201 East Pratt Street,Baltimore,MD
696 Bel Air Road,Bel Air,MD
10414 Auto Park Dr,Bethesda,MD
4829 Bethesda Ave.,Bethesda,MD
3851 Town Center Blvd,Bowie,MD
Old Rolling Road,California,MD
31 North Eastern Blvd,Hagerstown,MD
7730 Old Branch Avenue,Clinton,MD
7417 Baltimore Ave,College Park,MD
10300 Little Patuxent Parkway,Columbia,MD
6435 Dobbin Center Way,Columbia,MD
3059 Solomons Island Rd,Edgewater,MD
1311 Londontowne Blvd.,Eldersburg,MD
1700 Kingfisher Drive,Frederick,MD
653 Center Point Way,Gaithersburg,MD
1131-A Route 3 North,Gambrills,MD
Pinnacle Drive,Germantown,MD
6711 Ritchie Hwy,Glen Burnie,MD
8863 Greenbelt Rd.,Greenbelt,MD
"Shoppes at Hagerstown, 18007 Garland Groh Blvd",Hagerstown,MD
2319 Hanover Pike,Hampstead,MD
"University Town Center, 6451 America Blvd.",Hyattsville,MD
10510 Connecticut Ave.,Kensington,MD
200 Abruzzi Dr,Chester,MD
230 Rosewick Rd.,La Plata,MD
15102 Baltimore Ave.,Laurel,MD
505 E Ridgeville Blvd.,Mt. Airy,MD
13601 Coastal Highway,Ocean City,MD
2408 N. Salisbury Blvd. Suite A,Salisbury,MD
6401 Coastal Highway,Ocean City,MD
1157 Annapolis Rd,Odenton,MD
3333 Olney Sandy Springs Road,Olney,MD
10902 Boulevard Circle,Owings Mills,MD
8904 Waltham Woods Rd,Parkville,MD
4131 Mountain Road,Pasadena,MD
"9812 Falls Road, Suite 107",Potomac,MD
Solomons Island Rd and Stoakley Rd,Prince Frederick,MD
12238 Rockville Pike,Rockville,MD
130 Gibbs Street,Rockville,MD
1311 South Salisbury Blvd.,Salisbury,MD
549 Governor Ritchie Highway,Severna Park,MD
15784 Shady Grove Road,Gaithersburg,MD
"9101 Alaking Ct, Suite 300",Capital Heights,MD
12269 West Tech Road,Silver Spring,MD
10015 York Rd.,Cockeysville,MD
3233 Plaza Way,Waldorf,MD
12641 Ocean Gateway #118,Ocean City,MD
596 Jermor Lane,Westminster,MD
5100 Buckeystown Pike,Frederick,MD
5272 Campbell Blvd,White Marsh,MD
1227 Commonwealth Ave,Boston,MA
68 Washington Street,Attleboro MA,MA
27 Westgate Drive,Brockton,MA
"43 Middlesex Turnpike, Ste. 5",Burlington,MA
"Mall at 95 Washington St., Suite 206",Canton,MA
90 Drum Hill Road,Chelmsford,MA
158 Everett Ave,Chelsea,MA
170 Providence Highway,Dedham,MA
37 Forbes Road,Braintree,MA
341 Cochituate Rd.,Framingham,MA
268-B Franklin Village Dr.,Franklin,MA
"1207 Washington St., Ste. 50",Hanover,MA
263 Huntington Avenue,Boston,MA
"769 Iyannough Road, Ste. N101D",Hyannis,MA
"866 Merriam Ave., Ste. 105",Leominster,MA
437 E. Main St.,Westfield,MA
197 Boston Post Road West,Marlborough,MA
65 Station Landing,Medford,MA
9 Medway Road,Milford,MA
841 Worcester St,Natick,MA
215 Needham Street,Newton,MA
85 Faunce Corner Mall Rd.,North Dartmouth,MA
269 Patriot Place,Foxboro,MA
227 Andover Street,Peabody,MA
660 Merrill Rd.,Pittsfield,MA
1250 Hancock Street,Quincy,MA
7 Warren St,Randolph,MA
180 Main St.,Saugus,MA
1080 Fall River Ave.,Seekonk,MA
20 Boston Turnpike,Shrewsbury,MA
67 Main Street,Stoneham,MA
58 Summer Street,Boston,MA
"26 Galaxy Pass, Unit C",Sutton,MA
"980 Paradise Road, Suite 2",Swampscott,MA
573 GAR Highway,Swansea,MA
104 Providence Highway,Walpole,MA
"1030 Main Street, Unit I",Waltham,MA
"20 Rosebrook Place, #3",Wareham,MA
1268 Riverdale Street,West Springfield,MA
10 Cornerstone Square,Westford,MA
537 Lincoln St. #13,Worcester,MA
23007 Outer Drive,Allen Park,MI
"3601 Washtenaw Avenue, East",Ann Arbor,MI
3975 Baldwin Rd.,Auburn Hills,MI
8597 W. Grand River,Brighton,MI
42489 Ford Road,Canton,MI
3850 Alpine Ave.,Comstock Park,MI
623 E. Grand River Ave.,East Lansing,MI
22641 Gratiot Ave.,Eastpointe,MI
4140 Miller Road,"Flint, MI",MI
1384 W. Main St.,Gaylord,MI
6230 S. Saginaw Road,Grand Blanc,MI
"3561 28th Street, SE",Grand Rapids,MI
3090 44th Street,Grandville,MI
508 Monroe St.,Detroit,MI
3155 West Shore Drive,Holland,MI
29491 Plymouth Rd.,Livonia,MI
"Mill River Marketplace, 17601 Hall Street",Macomb,MI
20571 Haggerty Road,Northville,MI
5411 S. Harvey St.,Norton Shores,MI
"3155 Ann Arbor Saline Road, Ste. A",Pittsfield Twp,MI
6286 South Westnedge Avenue,Portage,MI
2544 S. Adams Rd.,Rochester,MI
8284 26 Mile Rd.,Shelby Township,MI
24548 Twelve Mile Road,Southfield,MI
23339 Greenfield Rd,Southfield,MI
3260 Niles Road,Saint Joseph,MI
1339 Coolidge Hwy.,Troy,MI
29387 Mound Road,Warren,MI
23414 Allen Rd.,Woodhaven,MI
6501 LeBeaux Ave NE,Albertville,MN
14658 Cedar Ave.,Apple Valley,MN
"12475 Riverdale Blvd., NW, Suite J",Coon Rapids,MN
1413 Fourth St. SE,Minneapolis,MN
1600 Miller Trunk Hwy,Duluth,MN
12555 Castlemoor Drive,Eden Prairie,MN
3871 Gallagher Dr,Edina,MN
"525 Blake Road North, Suite 118",Hopkins,MN
1920 Adams St,Mankato,MN
7814 Main St. North,Maple Grove,MN
555 Nicollet Mall,Minneapolis,MN
8360 Third Street North,Oakdale,MN
4105 Vinewood Lane North,Plymouth,MN
2800 41st St. NW,Rochester,MN
2026 Ford Parkway,St. Paul,MN
8090 Old Carriage Court,Shakopee,MN
"1021 Red Fox Road, Suite 150",Shoreview,MN
4144 2nd St.,Saint Cloud,MN
"2300 Hennepin Ave., South",Minneapolis,MN
3840 - C Promenade Parkway Suite N-1,D'lberville,MS
122 Market St.,Flowood,MS
10495 Highway 49,Gulfport,MS
6095 US Hwy 98,Hattiesburg,MS
2153 W. Jackson Ave,Oxford,MS
1000 Highland Colony Pkwy #2001,Ridgeland,MS
"175 Goodman Road W, Suite B",Southaven,MS
"3982 N Gloster St., Ste. U1",Tupelo,MS
5223 NE Antioch Road,Kansas City,MO
2255 Michigan Ave.,Arnold,MO
"101 Battlefield Mall, H08E",Springfield,MO
1202 NE COronado Drive J101,Blue Springs,MO
2703 E. Broadway Bluffs - Suite 240,Columbia,MO
233 North Stadium Blvd.,Columbia,MO
790 North New Ballas Rd,St. Louis,MO
1052 N. Ballas Road,Des Peres,MO
222 N. US Hwy 67,Florissant,MO
15869 Fountain Plaza Dr.,Ellisville,MO
1801 South Range Line Road,Joplin,MO
118 North Conistor,Liberty,MO
4183 Lindell Blvd.,St. Louis,MO
2711-A N. Kansas Expressway,Springfield,MO
"3700 Frederick Blvd., Suite A",St. Joseph,MO
"1520 S. 5th Street, Ste. 101",St. Charles,MO
1415 Saint Louis Galleria,Richmond Heights,MO
1500 S. Kirkwood,Sunset Hills,MO
8952 NW Skyview Ave,Kansas City,MO
614 NE M-291 Highway,Lee's Summit,MO
"8600 Ward Parkway Rd., Ste. 2155",Kansas City,MO
"2855 N. 19th Ave., Ste. M",Bozeman,MT
2415 Highway 93 N,Kalispell,MT
820 E Broadway,Missoula,MT
1020 Shiloh Crossing Blvd suite 4,Billings,MT
"2525 Pine Lake Rd., Ste. 205",Lincoln,NE
7345 Dodge St.,Omaha,NE
1230 P Street,Lincoln,NE
"6100 O Street, Suite 256",Lincoln,NE
697 North 132 St.,Omaha,NE
"Market Point, 8540 71st Street, #8540E",Papillion,NE
2520 E. Craig Street,North Las Vegas,NV
"956 Topsy Lane, Ste. 101",Carson City,NV
10271 S. Eastern,Henderson,NV
7290 W. Lake Mead Bldg #2,Las Vegas,NV
9484 Flamingo Road,Las Vegas,NV
"7580 South Las Vegas Blvd., Suite 120",Las Vegas,NV
"6395 South McCarran, Suite 400",Reno,NV
"10965 Lavender Hills Drive, Suite 150",Las Vegas,NV
1321 W. Sunset Road,Henderson,NV
4065 South Maryland Parkway,Las Vegas,NV
56 Fort Eddy Road,Concord,NH
61 Crystal Ave.,Derry,NH
15 Webb Place,Dover,NH
58 Key Rd,Keene,NH
341 Amherst St.,Nashua,NH
1390 Lafayette Road,Portsmouth,NH
380 Lafayette Rd.,Seabrook,NH
258 Daniel Webster Hwy.,Nashua,NH
1111 South Willow St.,Manchester,NH
120 Laconia Road Suite 510,Tilton,NH
250 Plainfield Road,West Lebanon,NH
1610 Route 23,Wayne,NJ
720 White Horse Pike,Absecon,NJ
301 Bayonne Crossing Way,Bayonne,NJ
588 Route 70,Brick,NJ
"2026 Marlton Pike W., Suite B",Cherry Hill,NJ
127G Rt. 130,S. Cinnaminson,NJ
"3056 Route 10 West, Suite C-1",Denville,NJ
2000 Clemens Bridge Road,Deptford,NJ
240 Route 10,East Hanover,NJ
54 Route 17 North,East Rutherford,NJ
65 River Road,Edgewater,NJ
7 Scotch Road,Ewing,NJ
75 Reaville Ave.,Flemington,NJ
2151 Lemoine Ave,Fort Lee,NJ
450 Hackensack Avenue,Hackensack,NJ
5020 Hadley Center Dr.,South Plainfield,NJ
701 Frank E Rodgers Blvd S,Harrison,NJ
415 Amwell Rd.,Hillsborough,NJ
4220 Route 9 South,Howell,NJ
286 Washington St.,Jersey City,NJ
370 Essex Street,Lodi,NJ
233 Main St,Madison,NJ
357 Rt. 9 South,Manalapan,NJ
161 Route 73 South,Marlton,NJ
3100 Quakerbridge Road,Mercerville,NJ
Millburn Mall 2933 Vauxhall Rd,Vauxhall,NJ
1650 Nixon Drive,Moorestown,NJ
2100 88th St.,North Bergen,NJ
507 Shoppes Blvd,North Brunswick,NJ
2301 Route 66,Ocean,NJ
1114 US Highway 9,Old Bridge,NJ
* WE MOVED * to 804 Route 46 West,Parsippany,NJ
15 Schalks Crossing Rd.,Plainsboro,NJ
1300 SR-17 North,Ramsey,NJ
Rt. 9,Rio Grande,NJ
367 Mount Hope Ave.,Rockaway Township,NJ
747 Broad Street,Shrewsbury,NJ
493 Berlin Cross Keys Rd.,Sicklerville,NJ
201 U.S. 22,Springfield,NJ
1311 Route 37 West,Toms River,NJ
"700 Haddonfield-Berlin Rd., #36",Voorhees,NJ
1701 U.S. 22,Watchung,NJ
21 East Broad St.,Westfield,NJ
Coronado Center SWC Louisiana Blvd & Menual Blvd,Albuquerque,NM
"3400 NM 528 NW, Suite A102",Albuquerque,NM
5000 East Main Street #2,Farmington,NM
6550 Paseo del Norte Blvd,Albuquerque,NM
2750 Mall Drive Suite 300-1,Las Cruces,NM
1121 Unser Blvd. SE,Rio Rancho,NM
"Plaza Santa Fe 3522 Zafarano Drive, Bldg. F",Santa Fe,NM
56 W. 14th Street,New York,NY
35 Merrick Road,Amityville,NY
4234 Veterans Memorial Drive,Batavia,NY
210-33 26th Avenue,Bayside,NY
"1701 Sunrise Highway, Suite A18",Bay Shore,NY
"950 County Rd, Rt. 64",Elmira,NY
815 Hutchinson River Pkwy.,Bronx,NY
138 Montague St,Brooklyn,NY
2 MetroTech Center,Brooklyn,NY
284 7th Ave.,Brooklyn,NY
1608 Shore Parkway,Brooklyn,NY
223 Old Country Road,Carle Place,NY
7 Southside Drive,Clifton Park,NY
132-01 14th Ave,Queens,NY
131 Colonie Center,Albany,NY
6500 Jericho Turnpike,Commack,NY
3121 E. Main St.,Mohegan Lake,NY
1942 Deer Park Ave,Deer Park,NY
4900 Transit Rd. Suite 900,Cheektowaga,NY
3179 Erie Blvd.,Dewitt,NY
8248 Transit Road,Amherst,NY
3439 W. Genesee Street,Syracuse,NY
703 Route 9,Fishkill,NY
6122 188th St.,Fresh Meadows,NY
2341 Jericho Tpke,Garden City Park,NY
73-25 Woodhaven Blvd,Queens,NY
241 Route 9 West,Glenmont,NY
1948 Ridge Rd. W.,Greece,NY
1512 Western Ave.,Albany,NY
601 Veteran's Highway,Hauppauge,NY
1100 Jefferson Road,Henrietta,NY
265 N. Broadway,Hicksville,NY
350 Route 110,Huntington Station,NY
222 Elmira Rd,Ithaca,NY
1202 Ulster Ave,Kingston,NY
"LaGuardia Airport Central Terminal, Space WF2",Flushing,NY
"318 E. Fairmount Ave., Suite 200 A",Lakewood,NY
602 New Loudon Road,Latham,NY
3497 Hempstead Turnpike,Levittown,NY
254-55 Horace Harding Expressway,Queens,NY
5716 S Transit Rd. Suite 50,Lockport,NY
2-4 W. Park Ave,Long Beach,NY
3860 McKinley Parkway,Hamburg,NY
2099 Merrick Rd,Merrick,NY
469 Route 211 East,Middletown,NY
255 East Route 59 Rockland Center,Nanuet,NY
4666 Commercial Dr.,New Hartford,NY
1279 Suite C Rt 300,Newburgh,NY
1785 Military Road,Niagara Falls,NY
418 Balltown Road,Schenectady,NY
2636 Delaware Ave.,Buffalo,NY
600 North Greenbush Road,Rensselaer,NY
316 West 34th Street,New York,NY
36 West 48th Street,New York,NY
43 W 55th Street,New York,NY
343 7th Avenue,New York,NY
296 Bleecker St,New York,NY
2847 Broadway,New York,NY
690 3rd Avenue,New York,NY
"5006 State Highway 23, Ste. 31",Oneonta,NY
798 Pelham Parkway,Pelham Manor,NY
3349 Monroe Ave,Pittsford,NY
418 State Route 3,Plattsburgh,NY
5120 Nesconset Hwy,Port Jefferson Station,NY
"2507 South Road, #104",Poughkeepsie,NY
735 Upper Glen Street,Queensbury,NY
2865 Richmond Ave.,Staten Island,NY
3057 Rt.50,Saratoga Springs,NY
202 Independence Plaza,Selden,NY
253 West 42nd Street,New York,NY
"756 Horatio St., Suite D",Utica,NY
4700 Vestal Parkway East,Vestal,NY
405 Commerce Drive,Victor,NY
1 Galleria Drive,Cheektowaga,NY
1290 Arsenal Street,Watertown,NY
1075 Ridge Road,Webster,NY
240 Main Street,White Plains,NY
2500 Central Park Ave.,Yonkers,NY
148 Madison Avenue @ 32nd Street,New York,NY
1075 Pine Plaza Drive,Apex,NC
1838 Hendersonville Rd.,Asheville,NC
"182 Merrimon Ave., Suite 60",Asheville,NC
9820 Rea Road,Charlotte,NC
"1435 Blowing Rock Rd., Suite A",Boone,NC
8107 Creedmoor Road,Raleigh,NC
"Former Pier 1, 105 Huffman Mill Road",Burlington,NC
1326 Central Ave,Charlotte,NC
"8020 Providence Road, #600",Charlotte,NC
"1605 Galleria Blvd., Suite 100",Charlotte,NC
"Carteret Road, Building 4535",Cherry Point,NC
3792 Creekshire St.,Winston Salem,NC
210 E. Trade Street,Charlotte,NC
419 Cross Creek Mall,Fayetteville,NC
2811 Raeford Rd,Fayetteville,NC
150 Cabela Drive,Garner,NC
2212 E. Franklin Blvd.,Gastonia,NC
3124 Kathleen Ave.,Greensboro,NC
600 Greenville Blvd,Greenville,NC
1520 Hwy 70 SE,Hickory,NC
9826 Gilead Rd.,Huntersville,NC
"408 Western Blvd., #300",Jacksonville,NC
1018-G Shoppes at Midway Dr,Knightdale,NC
2833 W. Highway 74,Monroe,NC
654 River Hwy,Mooresville,NC
5136 US Hwy 70 West,Morehead City,NC
3273 Robinhood Rd,Winston Salem,NC
4120 Main at North Hills St - #155,Raleigh,NC
9749 Northlake Center Pkwy,Charlotte,NC
1121 Parkside Main St.,Cary,NC
5332 McFarland Drive,Durham,NC
5501 Capital Blvd. Suite 106,Raleigh,NC
4411 Ramsey Street,Fayetteville,NC
"4400 Sharon Road, Unit VC08",Charlotte,NC
2201 South Blvd,Charlotte,NC
7741 Gateway Lane,Concord,NC
12820 York Rd,Charlotte,NC
University Place,Charlotte,NC
6801 Parker Farm Dr,Wilmington,NC
1001 West Interstate Ave,Bismarck,ND
2877 45th St,Fargo,ND
3221 32nd Ave S,Grand Forks,ND
3300 16th Street SW,Minot,ND
10635 Innovation Dr,Miamisburg,OH
"107 S. Canfield Niles Road, Ste. A",Austintown,OH
36050-B Detroit Rd,Avon,OH
3286 Pentagon Blvd.,Beavercreek,OH
761 Bethel Rd.,Columbus,OH
6951 East Broad St,Columbus,OH
7322 Market Street,Boardman,OH
13971 Cedar Avenue,South Euclid,OH
4025 Richmond Road,Warrensville Heights,OH
North Bridge Street & Seney Rd,Chillicothe,OH
3659 Stonecreek Blvd,Cincinnati,OH
2170 Millenium Blvd. Ste. 1,Cortland,OH
753 Howe Ave,Cuyahoga Falls,OH
7036 Hospital Dr,Dublin,OH
"830 Eastgate Drive, South",Cincinnati,OH
220 Easton Town Center,Columbus,OH
3863 Medina Road,Fairlawn,OH
3100 Westgate Mall,Fairview Park,OH
1780 Tiffin Ave.,Findlay,OH
5004 N. Hamilton Rd,Columbus,OH
1004 West 5th Ave.,Columbus,OH
1790 Stringtown Road,Grove City,OH
1539 Hilliard-Rome Road,Columbus,OH
623 E. Main Street,Kent,OH
1854 N Memorial Dr,Lancaster,OH
"7100 Foundry Row, Suite 246",Liberty Township,OH
"3292 Elida Rd, Suite 300",Lima,OH
9540 S. Mason Montgomery Rd,Mason,OH
"1398 Conant Street, Unit C",Maumee,OH
1237 Som Center Road,Mayfield Heights,OH
9180 Mentor Avenue,Mentor,OH
17695 Bagley Road,Middleburg Heights,OH
"2393 Niles Cortland Rd., SE",Warren,OH
6652 Strip Ave. NW,North Canton,OH
26037 Lorain Rd.,North Olmsted,OH
8607 Columbus Pike,Lewis Center,OH
8249 W. Ridgewood Dr.,Parma,OH
2134 Polaris Parkway,Columbus,OH
2078 State Route 256,Reynoldsburg,OH
2743 Edmondson Rd.,Norwood,OH
10090 Olde US 20,Rossford,OH
4317 Milan Road,Sandusky,OH
"6181 Sawmill Rd, Suite D",Dublin,OH
1603 N High Street,Columbus,OH
810 Kemper Road,Springdale,OH
1994 N. Bechtle Rd.,Springfield,OH
3273 Steelyard Drive,Cleveland,OH
15171 Pearl Rd.,Strongsville,OH
"3305 W. Central Ave., A2-30",Toledo,OH
1057 Miamisburg Centerville Rd,Dayton,OH
1143 Brown St,Dayton,OH
30297 Detroit Road,Westlake,OH
"4299 Burbank Road, Unit 70",Wooster,OH
1442 E Hillside Dr,Broken Arrow,OK
"4334 West Owen K. Garriott, Suite 101",Enid,OK
3405 NW Cache Rd.,Lawton,OK
631 SW 19th St,Moore,OK
1401 24th Ave NW,Norman,OK
"2300 W. Memorial Road, Suite 160",Oklahoma City,OK
6900 NW Expressway,Oklahoma City,OK
9635 Riverside Parkway,Tulsa,OK
2606 SW Cedar Hills Blvd,Beaverton,OR
222 NE Emerson Ave. Suite 120,Bend,OR
2990 Commercial SE #100,Salem,OR
"495 W. 7th Street, Suite 100",Eugene,OR
"3266 Gateway Street, Ste 103",Springfield,OR
2595 SE Burnside Road,Gresham,OR
2343 NW 185th Street,Hillsboro,OR
8963 SE 82nd Ave,Happy Valley,OR
14700 SW Murray Scholls,Beaverton,OR
15121 SE McLoughlin Blvd,Milwaukie,OR
19574 Molalla Ave.,Oregon City,OR
2323 Lancaster Dr NE,Salem,OR
17105 SE Sunnyside Rd #134,Happy Valley,OR
7005 SW Nyberg Street,Tualatin,OR
2050 8th Ave,West Linn,OR
4025 Tilghman Street,Allentown,PA
"3420 Pleasant Valley Blvd., Suite B",Altoona,PA
Bala Cynwyd Shopping Center,Bala Cynwyd,PA
914 Airport Center Dr,Bethlehem,PA
"160 Millers Run Rd., Unit #2",Bridgeville,PA
"10 Noble Blvd, Suite 1",Carlisle,PA
584 A Centerville Road,Lancaster,PA
924 Norland Ave,Chambersburg,PA
20002 US 19,Cranberry Township,PA
Scranton-Carbondale Hwy.,Dickson City,PA
4399 W. Swamp Road,Doylestown,PA
"Rt. 33 & Rt. 248, Lower Nazareth Commons",Easton,PA
844 East Main Street,Ephrata,PA
276 Exton Square Mall,Exton,PA
125 East Street Rd.,Feasterville,PA
1962 Fruitville Pike,Lancaster,PA
2000 Lincoln Pl,Greensburg,PA
1125 Haines Rd,York,PA
RT 78 & Rt. 61,Hamburg,PA
4810 Carlisle Pike,Mechanicsburg,PA
"141 Wilson Ave., Ste. A",Hanover,PA
3170 Glimcher Blvd,Hermitage,PA
Route 39 & Mae Street,Hummelstown,PA
4635 High Pointe Blvd,Harrisburg,PA
8957 Rt. 30,North Huntingdon,PA
145 Town Center Drive,Johnstown,PA
5106-A Jonestown Road,Harrisburg,PA
160 N. Gulph Road,King of Prussia,PA
2053 Sproul Rd,Broomall,PA
201 Rocherty Road,Lebanon,PA
East Town Center,Lancaster,PA
3 PPG Place,Pittsburgh,PA
18866 Park Avenue Plaza,Meadville,PA
"96 Sofia Drive, Suite 101",Shrewsbury,PA
3845 Northern Pike,Monroeville,PA
4899 William Penn Hwy,Murrysville,PA
1408 Peninsula Dr.,Erie,PA
1527 Chestnut Street,Philadelphia,PA
"2552 Grant Ave., #200",Philadelphia,PA
1029 Freeport Road,Pittsburgh,PA
117 S Bouquet St,Pittsburgh,PA
2030 Pittsburgh Mills Blvd.,Tarentum,PA
200 W. Ridge Pike,Conshohocken,PA
254 N. West End Blvd.,Quakertown,PA
4619 Perkiomen Ave.,Reading,PA
324 McHolme Dr,Pittsburgh,PA
1000 Ross Park Mall Dr. #VC02,Pittsburgh,PA
1940 Rotunda Drive,Erie,PA
3580 Penn Avenue,Sinking Spring,PA
226 W. College Ave,State College,PA
361 Charles Way Suite 11,Stroudsburg,PA
4300 N 5th Street Highway,Temple,PA
79 Restaurant Row,Uniontown,PA
864 W. Street Rd.,Warminster,PA
The Old Mill Shopping Center Old Mill Blvd.,Washington,PA
253 E Swedesford Road,Wayne,PA
311 E. Lancaster Ave,Wayne,PA
280 Mundy Street,Wilkes-Barre,PA
28 Liberty lane,Williamsport,PA
2815 Concord Drive,York,PA
100 Brumbaugh Street,San Juan,PR
1450 Hartford Avenue,Johnston,RI
622 George Washington Hwy.,Lincoln,RI
199 Connell Hwy,Newport,RI
600 Kingstown Road,Wakefield,RI
"300 Quaker Lane, Ste 1-A",Warwick,RI
1909-A Whiskey Rd.,Aiken,SC
3501 Clemson Blvd,Anderson,SC
1019 Fording Island Rd,Bluffton,SC
4959 Centre Pointe Drive,North Charleston,SC
4751 Forest Drive,Columbia,SC
285 Columbiana Dr,Columbia,SC
"9500 Dorchester Rd., #188",North Charleston,SC
931 Senate Street,Columbia,SC
"128 Rolling Hills Circle, Unit A",Easley,SC
1940 Hoffmeyer Road,Florence,SC
3281 N. Pleasantburg Dr. Ste. A,Greenville,SC
"586 Haywood Rd., Suite A",Greenville,SC
3935 Pelham Road,Greenville,SC
"1488 W. Wade Hampton Blvd., Suite A",Greer,SC
"11 Palmetto Bay Road, Ste. 106A",Hilton Head Island,SC
364 King Street,Charleston,SC
5135 Sunset Blvd,Lexington,SC
1795 U.S. 17,Mount Pleasant,SC
804 Inlet Square Drive Unit A,Murrells Inlet,SC
1772 Pine Island Road,Myrtle Beach,SC
202 Hwy 17 North,North Myrtle Beach,SC
7250 Rivers Ave.,North Charleston,SC
"1460 Meeting Blvd., Ste. 101",Rock Hill,SC
3908 Grandview Drive,Simpsonville,SC
1209 N. Main St.,Summerville,SC
1261 Broad Street,Sumter,SC
10835 Kings Road,Myrtle Beach,SC
Clemson Road,Columbia,SC
1662 Savannah Highway,Charleston,SC
"4200 S. Louise Ave., Suite 110",Sioux Falls,SD
121 S. Minnesota Ave.,Sioux Falls,SD
"1329 Eglin Street, Ste. 100",Rapid City,SD
208 Hamilton Crossing Drive,Alcoa,TN
"6600 Stage Road, Suite 137",Bartlett,TN
7026 Highway 70 South,Nashville,TN
330 Franklin Road,Brentwood,TN
"234 Brookview Center, Unit 101",Knoxville,TN
401 Broad Street,Chattanooga,TN
2020 Gunbarrel Road,Chattanooga,TN
"1767 Madison Street, Ste. B105",Clarksville,TN
"Farmland Corner, 124 Stuart Rd",Cleveland,TN
3592 S. Houston Levee Rd Suite 106,Collierville,TN
3021 Mallory Ln,Franklin,TN
7531 Barnett Way,Powell,TN
815 Parkway,Gatlinburg,TN
"261 Indian Lake Blvd., Suite 100",Hendersonville,TN
5110 Hixson Pike,Hixson,TN
1259 Vann Drive,Jackson,TN
1914 North Roan St,Johnson City,TN
1708 East Stone Drive,Kingsport,TN
"300 Pleasant Grove Rd., Suite 475",Mt. Juliet,TN
536 N. Thompson Lane,Murfreesboro,TN
2018 West End,Nashville,TN
2032 Town Center Blvd.,Knoxville,TN
2526 Parkway,Pigeon Forge,TN
1315 Ridgeway Road,Memphis,TN
311 Sam Ridley Parkway,Smyrna,TN
10922 Parkside Drive,Knoxville,TN
2100 Union Ave.,Memphis,TN
"9180 North Freeway, Suite 528",Fort Worth,TX
"2313 South Georgia St, Space 37",Amarillo,TX
4301 W. William Cannon Dr. E-200,Austin,TX
7405 FM 1960 E. #210,Humble,TX
10000 Research Blvd,Austin,TX
3208 B Guadalupe St,Austin,TX
5010 Garth Rd,Baytown,TX
3550 S. General Bruce Dr.,Temple,TX
"4300 W. Waco Dr, Bldg B, Suite C",Waco,TX
"9762 Katy Fwy, Suite 100",Houston,TX
"6076 Marsha Sharp Freeway, Suite 400",Lubbock,TX
"3400 E. Hebron Parkway, Suite 100",Carrollton,TX
"398 East FM 1382, Suite A",Cedar Hill,TX
6927 FM 1960 West,Houston,TX
507 I45 N. Suite D,Conroe,TX
"5424 S. Padre Island Drive, Suite 137",Corpus Christi,TX
25845 Highway 290,Cypress,TX
"13350 Dallas Parkway, Suite 795",Dallas,TX
"1715 South Loop 288, Suite 110",Denton,TX
5215 DeZavala Road,San Antonio,TX
2701 State Highway 121,Euless,TX
"1201 University Ave, Suite 110",Georgetown,TX
8240 Preston Rd.,Plano,TX
4833 S. Hulen Street,Ft. Worth,TX
"255 I-45, Suite F",Huntsville,TX
SWC of IH-35 @ FM 1626,Kyle,TX
1211 Del Mar Blvd,Laredo,TX
"6440 N. MacArthur Blvd., Ste. 110",Irving,TX
"1327 George Dieter, Ste. E",El Paso,TX
1615 West FM 646,League City,TX
"859 SH 121 Bypass South, Suite 103",Lewisville,TX
3405 N 4th St,Longview,TX
"4410 19th St., SPC 100",Lubbock,TX
"South Loop Crossing, 4505 S. Medford Dr. #301",Lufkin,TX
"6619 FM 1488, Suite 201",Magnolia,TX
8505 S. Main St. Ste. 380,Houston,TX
"201 East Central Expressway, #1410",Harker Heights,TX
3701 Expressway 83,McAllen,TX
"7501 N. 10th Street, Suite 20",McAllen,TX
1725 North Town East Blvd,Mesquite,TX
2816 W. Loop 250 N. Unit 300,Midland,TX
6215 Highway #6,Missouri City,TX
1760 NASA Parkway,Houston,TX
1304 W. Pipeline Rd,Hurst,TX
"4101 East 42nd Street, Bldg N, Unit 131",Odessa,TX
10645 Broadway St,Pearland,TX
1715 C Post Oak Blvd,Houston,TX
"Quarry Village, 260 E. Basse Rd",San Antonio,TX
1030 East Interstate 30 Suite205,Rockwall,TX
"Brazos Town Center, 24004 Southwest Freeway, Suite 402",Rosenberg,TX
3107 S. IH-35 Suite 750,Round Rock,TX
11700C Westheimer Road,Houston,TX
1645 S. Voss Road,Houston,TX
"730 East Hopkins Street, Ste. 100",San Marcos,TX
2902 N. Shepherd Dr. Suite D,Houston,TX
1321 N.Loop 1604 East #105,San Antonio,TX
4245 South Copper,Arlington,TX
242 State Street,Southlake,TX
1201 E. Spring Creek Pkwy#110,Plano,TX
SWC of FM 1431 @ Starwood,Cedar Park,TX
"15810 Southwest Freeway, #100",Sugarland,TX
313 Houston St.,Forth Worth,TX
"655 Sunland Park Dr., Ste. L-1",El Paso,TX
148222 Agora Parkway,Live Oak,TX
"8889 Gateway Blvd., West Suite 3210",El Paso,TX
14090 FM2920 Suite D,Tomball,TX
4510 South Broadway Avenue,Tyler,TX
3939 Washington Ave,Houston,TX
1333 W Bay Area Blvd,Webster,TX
"1150 N. Fry Rd., Suite A",Houston,TX
"8603 State Highway 151, Suite 208",San Antonio,TX
"9668 Westheimer, #300",Houston,TX
209 N State St,American Fork,UT
"255 North 500 West, Suite A",Bountiful,UT
487 East 12300 South,Draper,UT
1148 E Fort Union Blvd,Midvale,UT
7168 S. Plaza Center Dr.,West Jordan,UT
"1626 Uinta Way, Suite B-1",Park City,UT
2065 N. Harris Dr.,Layton,UT
3801 N Digital Drive Suite 104,Lehi,UT
1051 North Main,Logan,UT
2321 Washington Blvd,Ogden,UT
3200 E. 3300 South,Salt Lake City,UT
1051 S 750 East,Orem,UT
"12570 S Rhetski Lane, Suite 103",Riverton,UT
10391 South State St,Sandy,UT
529 East 1000 North,Spanish Fork,UT
1279 East 100 South,St. George,UT
1716 W. 5400 South,Taylorsville,UT
2917 S Glen Eagles Drive,West Valley,UT
49 Church St Ste 2001,Burlington,VT
"580 Shelburne Road, Ste. 11",South Burlington,VT
7622 Richmond Highway,Alexandria,VA
2300 Wilson Blvd,Arlington,VA
44650 Waxpool Road,Ashburn,VA
1119 Emmet Street,Charlottesville,VA
400 Turner Street,Blacksburg,VA
200 Linden Square Drive Ste. 1,Bristol,VA
5761 Burke Centre Pkwy,Burke,VA
15193 Montanus Drive,Culpeper,VA
6017 Centreville Crest Ln,Centreville,VA
14421 Chantilly Crossing Lane,Chantilly,VA
1217 North Battlefield Blvd,Chesapeake,VA
4105 Chesapeake Sq. Blvd,Chesapeake,VA
11500 Midlothian Turnpike,Richmond,VA
707 Southpark Blvd,Colonial Heights,VA
4226 Fortuna Center Plaza,Dumfries,VA
916 West Atlantic Street,Emporia,VA
10940 Fairfax Blvd. Suite A,Fairfax,VA
12156 Fairfax Towne Center,Fairfax,VA
13580 Foulger Sq,Woodbridge,VA
1661 Carl D. Silver Parkway,Fredericksburg,VA
570 Celebrate VA,Fredericksburg,VA
10159 Jefferson Davis Highway,Fredericksburg,VA
7321 Atlas Walk Way,Gainesville,VA
"21st Street Project, 201 W. 21st St.",Norfolk,VA
10841 West Broad Street,Henrico,VA
4210 East Claiborne Square,Hampton,VA
108 Burgess Rd.,Harrisonburg,VA
600 Hilltop West Shopping Center,Virginia Beach,VA
201 Connor Drive,Charlottesville,VA
16398-B Consumer Row,King George,VA
725 King Street,Alexandria,VA
1083 Edwards Ferry Road,Leesburg,VA
4026 Wards Road,Lynchburg,VA
2720 North Mall Drive,Virginia Beach,VA
9221 Sudley Road,Manassas,VA
12413 Tennessee Plaza,Midlothian,VA
1731 Gilbert St,Norfolk,VA
12515 Jefferson Ave,Newport News,VA
180 McCormick Road,Charlottesville,VA
6546 Little River Tpke,Annandale,VA
6210 Quander Road,Alexandria,VA
"1169 Nimmo Parkway, Suite #246",Virginia Beach,VA
11674 Plaza America Dr,Reston,VA
4450 S. Laburnum Ave,Richmond,VA
"4420A Electric Road, SW",Roanoke,VA
"6134 Arlington Blvd, Suite A",Falls Church,VA
8971 Ox Rd,Lorton,VA
1015 East Atlantic Street,South Hill,VA
98 Conston Ave.,Christiansburg,VA
6541 Backlick Road,Springfield,VA
"1515 Stafford Market Place, Suite 117",Stafford,VA
46220 Potomac Run Plaza,Sterling,VA
1071 Virginia Center Parkway,Glen Allen,VA
1961 Chain Bridge Road,McLean,VA
5240 Fairfield Shopping Center,Virginia Beach,VA
750 Independence Blvd.,Virginia Beach,VA
931 West Broad Street,Richmond,VA
6441 Lee Highway,Warrenton,VA
Lee Dewitt Blvd.,Waynesboro,VA
15523 WC Commons Way,Midlothian,VA
1430 Richmond Road,Williamsburg,VA
1601 Willow Lawn Drive,Richmond,VA
1365 Berryville Avenue,Winchester,VA
579 Adams Drive,Winchester,VA
4109 Merchant Plaza,Woodbridge,VA
"1500 NW Market Street, Suite 102",Seattle,WA
1301 W. Bakerview Rd.,Bellingham,WA
1111 228th Street SE,Bothell,WA
1870 Marketplace Dr.,Burlington,WA
775 NW Gilman Blvd.,Issaquah,WA
"910 N. 10th Place, Suite A",Renton,WA
1928 B-1B South Commons,Federal Way,WA
310 NE 78th St,Vancouver,WA
11220 NE 124th Street,Kirkland,WA
"5605 Lakewood Towne Center Blvd., SW",Lakewood,WA
1015 Ocean Beach Hwy. #105,Longview,WA
2902 164th St SW,Lynnwood,WA
"19620 Hwy. 99, Suite 101",Lynnwood,WA
2707 171st Pl NE,Marysville,WA
19171 SE Mill Plain Blvd,Vancouver,WA
"14650 North Kelsey St., #101",Monroe,WA
"9502 N. Newport Highway, #4",Spokane,WA
311 NE 103rd St.,Seattle,WA
"1200 Cooper Pt. Rd., SW, Ste. 800",Olympia,WA
1002 N. Meridian,Puyallup,WA
15011 NE 24th Street,Redmond,WA
2671 Queensgate Dr.,Richland,WA
10 N. Sullivan Rd.,Spokane Valley,WA
"4027 Tacoma Mall Blvd., Ste. A",Tacoma,WA
"17100 Southcenter Parkway, Suite. 112",Tukwila,WA
1901 S 1st Street Unit 100,Yakima,WA
1002 Eisenhower Parkway,Beckley,WV
112 R.H.L. Blvd,Charleston,WV
880 Foxcroft Ave. Suite 106,Martinsburg,WV
"1000 Suncrest Town Center Drive, Suite 1026",Morgantown,WV
702 Grand Central Avenue,Vienna,WV
38 Joshua M. Freeman Blvd.,Ranson,WV
4161 Teays Valley Rd,Hurricane,WV
450 Cabela Dr.,Tridelphia,WV
2883 Oneida St,Ashwaubenon,WI
95 N. Moorland Rd,Brookfield,WI
2900 Golf Road,Delafield,WI
Zeier Rd & E. Towne Blvd,Madison,WI
137 Mall Dr. Suite 102,Appleton,WI
3330 N Milton Ave,Janesville,WI
9330 76th Street,Pleasant Prairie,WI
517 State Street,Madison,WI
2500 Mayfair Rd Ste 320,Wauwatosa,WI
8234 Greenway Blvd.,Middleton,WI
"5800 North Bayshore Drive, Suite H-150",Glendale,WI
160 West Town Square Way #300,Oak Creek,WI
1564 S. Koeller Street,Oshkosh,WI
1279 Capital Drive,Pewaukee,WI
5060 E 2nd St,Casper,WY
"1400 Dell Range Blvd., Unit 85",Cheyenne,WY
