Address,City,State,Zip,Phone
10 Columbus Circle,New York,NY,10019,212 823 9302
10 Columbus Circle,New York,NY,10019,212 956 1120
30 Rockefeller Plaza,New York,NY,10112,212 765 4227
769 Madison Ave,New York,NY,10065,212 824 2500
347 Madison Avenue,New York,NY,10017,212 949 0570
1040 Madison Avenue,New York,NY,10075,212 453 2677
1035 Madison Ave,New York,NY,10075,212 249 3869
1190 Madison Ave,New York,NY,10128,212 348 9803
91 Fifth Avenue,New York,NY,10003,212 255 4848
99 Prince Street,New York,NY,10012,212 966 2739
484 Broadway,New York,NY,10013,212 343 1227
234 Wythe Avenue,Brooklyn,NY,11249,718 384 3027
235 West Broadway,New York,NY,10013,212 226 5476
50 Hudson Street,New York,NY,10013,212 587 3139
250 Vesey Street,New York ,NY,10281,212-786-1901
390 Hackensack Ave,Hackensack,NJ,07601,201 489 5180
1 Garden State Plaza Blvd.,Paramus,NJ,07652,201 845 9292
2052 Northern Blvd,Manhasset,NY,11030,516 365 0716
1400 Willowbrook Center,Wayne,NJ,07470,973 890 7120
630 Old Country Road,Garden City,NY,11530,516 741 2739
387 Chestnut Ridge Road,Woodcliff Lake,NJ,07677,201 391 4123
1200 Morris Turnpike,Short Hills,NJ,07078,973 912 9488
125 Westchester Avenue,White Plains,NY,10601,914 390 9601
125 Westchester Avenue,White Plains,NY,10601,914 997 6171
8111 Fashion Drive,Nanuet,NY,10954,845 624 3212
336 Menlo Park Drive,Edison,NJ,08837,732 452 1500
126 Greenwich Avenue,Greenwich,CT,06830,203 661 5181
160 Route 110,Huntington Station,NY,11746,631 424 1900
537 Route 35,Shrewsbury,NJ,07702,732 212 9430
100 Greyrock Pl,Stamford,CT,06901,203 406 9673
301 Mt Hope Ave,Rockaway,NJ,07866,973 366 5353
400 Commons Way,Bridgewater,NJ,08807,908 725 2312
24 Elm Street,New Canaan,CT,06840,203 966 5127
1 Elm Street,New Canaan,CT,06840,203 801 0164
430 Route 206 South,Chester,NJ,07930,908 879 0393
3710 US Highway 9,Freehold,NJ,07728,732 294 7156
145 Main Street,Westport,CT,06880,203 226 2739
160 Smithhaven Mall,Lake Grove,NY,11755,631 360 8938
1 Palmer Square,Princeton,NJ,08542,609 924 0011
7 Backus Ave.,Danbury,CT,06810,203 748 3580
29 Broadway,New Haven,CT,06511,203 624 7101
2500 Moreland Road,Willow Grove,PA,19090,215 659 8245
500 Rt 73 South,Marlton,NJ,08053,856 988 9046
2000 Route 38,Cherry Hill,NJ,08002,856 910 9901
942 Lehigh Lifestyle Center,Whitehall,PA,18052,610 264 3612
84B Main Street,Southampton,NY,11968,631 287 2869
1625 Chestnut Street,Philadelphia,PA,19103,215 977 7335
49 Anderson Avenue,Ardmore,PA,19003,610 642 6027
160 N Gulph Road,King of Prussia,PA,19406,610 265 1310
160 N Gulph Road,King of Prussia,PA,19406,610 265 0210
525 Westfarms,Farmington,CT,06032,860 521 3099
110 Albany Turnpike,Canton,CT,06019,860 693 8607
14 Main Street,East Hampton,NY,11937,631 324 5034
945 Baltimore Pike,Glen Mills,PA,19342,610 358 2001
200 Evergreen Way,South Windsor,CT,06074,860 648 2739
45 Long Wharf Mall,Newport,RI,02840,401 849 5790
114 Hillside Road,Cranston,RI,02920,401 942 1634
61 Providence Place,Providence,RI,02903,401 243 0250
825 Dulaney Valley Road,Towson,MD,21204,410 321 6589
1245 Worcester Street,Natick,MA,01760,508 653 1477
120 International Drive,Baltimore,MD,21202,410 637 8231
470 Legacy Place,Dedham,MA,02026,781 326 2596
199 Boylston Street,Chestnut Hill,MA,02467,617 558 5901
250 Granite Street,Braintree,MA,02184,781 849 7475
1725 Annapolis Mall,Annapolis,MD,21401,410 573 4879
100 Huntington Ave,Boston,MA,02116,617 236 5950
100 Huntington Ave,Boston,MA,02116,617 375 1032
100 Huntington Ave,Boston,MA,02116,617 236 7648
75 Middlesex Turnpike,Burlington,MA,01803,781 229 2483
10300 Little Patuxent Pkwy,Columbia,MD,21044,410 740 1118
94 Derby Street,Hingham,MA,02043,781 749 2482
94 Derby Street,Hingham,MA,02043,781 749 4734
100 Cambridgeside Place,Cambridge,MA,02141,617 225 2739
640 Market Street,Lynnfield,MA,01940,781 334 2049
9568 Destiny USA Drive,Syracuse,NY,13204,315 472 7182
99 Rockingham Park Blvd,Salem,NH,03079,603 893 3870
210 Andover St,Peabody,MA,01960,978 977 7450
769 Iyannough Rd,Hyannis,MA,02601,508 771 2739
1618 14th Street NW,Washington,DC,20009,202-518-0891
7101 Democracy Boulevard,Bethesda,MD,20817,301 365 2000
5335 Wisconsin Avenue NW,Washington,DC,20015,202 537 3380
950 F Street NW,Washington,DC,20004,202 628 8690
3222 M Street NW,Washington,DC,20007,202 965 4090
1100 S Hayes Street,Arlington,VA,22202,703 414 3720
1742G International Drive,McLean,VA,22102,703 734 9555
1753G International Drive,McLean,VA,22102,703 821 2436
11953 Market Street,Reston,VA,20190,703 437 3176
6701 Springfield Mall,Springfield ,VA,22150,7033134612
20 South Main Street,Hanover,NH,03755,603 643 5082
11831 L Fair Oaks Shopping Center,Fairfax,VA,22030,703 273 0291
7979 Pittsford Victor Road,Victor,NY,14564,585 425 3060
364 Maine Mall Road,South Portland,ME,04106,207 773 7695
1 Walden Galleria,Buffalo,NY,14225,716 684 8189
11800 Broad Street,Richmond,VA,23233,804 364 9561
300 E Monitcello Avenue,Norfolk,VA,23510,757 622 5880
1624 East Rio Road,Charlottesville,VA,22901,434 975 2889
5433 Walnut Street,Pittsburgh,PA,15232,412 683 8021
1000 Ross Park Mall,Pittsburgh,PA,15237,412 369 0347
301 South Hills Village,"Upper St , Clair",PA,15142,412 831 3564
50 Rideau Street,Ottawa,ON,K1N9J7,613 563 7349
220 Yonge Street,Toronto,ON,M5B 2H1,416 977 0941
110 Bloor Street West,Toronto,ON,M5S 1M1,416 968 7117
1800 Sheppard Avenue East,Toronto,ON,M2J 5A7,416 496 7752
5000 Highway #7 East,East Markham,ON,L3R4M9,905 470 6646
25 The West Mall,Toronto,ON,M9C 1B8,416 621 1584
3401 Dufferin Street,Toronto,ON,M6A 3A1,416 785 3682
26300 Cedar Road,Beachwood,OH,44122,216 292 8494
3265 W Market Street,Akron,OH,44333,330 869 0439
88 Main Street,Westlake,OH,44145,440 250 8924
4325 Glenwood Avenue,Raleigh,NC,27612,919 786 2739
6910 Fayetteville Road,Durham,NC,27713,919 806 1449
3334 West Friendly Ave,Greensboro,NC,27410,336 294 9892
3930 Easton N Square Place,Columbus,OH,43219,614 428 5990
1500 Polaris Parkway,Columbus,OH,43240,614 880 9880
2801 West Big Beaver Rd,Troy,MI,48084,248 649 2739
6807 Main Street,Wilmington,NC,28405,910 256 3221
242 Briarwood Center,Ann Arbor,MI,48108,734 662 6630
4400 Sharon Rd.,Charlotte,NC,28211,704 365 9355
3037 Preyde Blvd,Lansing,MI,48912,517 485 1947
7875 Montgomery Road,Cincinnati,OH,45236,513 891 6500
10 Brook Street,Asheville,NC,28803,828 274 3995
3401 Nicholsville Road,Lexington,KY,40503,859 971 6933
4840 Forest Drive,Columbia,SC,29206,803-708-9914
700 Haywood Road,Greenville,SC,29607,864 297 2740
3135 28th Street SE,Grand Rapids,MI,49512,616 575 2210
6501 N Grape Road,Mishawaka,IN,46545,574 243 6013
7600 Kingston Pike,Knoxville,TN,37919,865 691 5822
4240 Summit Plaza Drive,Louisville,KY,40241,502 412 7262
8702 Keystone Crossing,Indianapolis,IN,46240,317 848 2739
264 King Street,Charleston,SC,29401,843 534 1640
900 North Michigan Avenue,Chicago,IL,60611,312 751 2739
929 West North Avenue,Chicago,IL,60642,312 951 0784
3423 N. Southport Avenue,Chicago,IL,60657,773 472 3061
3333 Buford Drive,Buford,GA,30519,770 932 3332
201 West Broughton Street,Savannah,GA,31401,912 233 4368
4999 Old Orchard Center,Skokie,IL,60077,847 675 0109
2170 Northbrook Court,Northbrook,IL,60062,847 564 2739
684 North Bank Lane,Lake Forest,IL,60045,847 735 0848
295 Oakbrook Center,Oakbrook,IL,60523,630 990 1166
3170 Avalon Blvd.,Alpharetta ,GA,30009,678 248 5195
5145 Peachtree Parkway,Norcross,GA,30092,770 263 7905
1038 North Point Circle,Alpharetta,GA,30022,678 526 6861
1110 Market Street,Chattanooga ,TN,37402,423 634 5273
5711 N Centerpark Way,Glendale,WI,53217,414 962 3097
20530 N Rand Rd,Deer Park,IL,60010,847 438 2739
50 S. Main Street,Naperville,IL,60540,630 548 0391
4400 Ashford Dunwoody Rd,Atlanta,GA,30346,770 551 8900
4475 Roswell Road,Marietta,GA,30062,770 971 6765
2500 N Mayfair Rd,Wauwatosa,WI,53226,414 302 0800
3393 Peachtree Rd,Atlanta,GA,30326,404 237 2739
675 Ponce De Leon Ave NE,Atlanta,GA,30308,404 541 0635
1170 Howell Mill Road,Atlanta,GA,30318,404 685 0221
1201 Villa Pl.,Nashville,TN,37212,615 320 3721
2126 Abbott Martin Rd,Nashville,TN,37215,615 298 5722
1800 Galleria Boulevard,Franklin,TN,37067,615 771 7276
39 West Towne Mall,Madison,WI,53719,608 826 0920
4751 River City Drive,Jacksonville,FL,32246,904 646 1409
125 Summit Boulevard,Birmingham,AL,35243,205 970 6411
1428 St Louis Galleri,St Louis,MO,63117,314 727 2534
75 Plaza Frontenac,St Louis,MO,63131,314 862 2739
7605 W Farmington Blvd,Germantown,TN,38138,901 759 4021
4200 Conroy Road,Orlando,FL,32839,407 226 9732
500 Grand Blvd,Destin,FL,32550,850 269 0129
2223 North West Shore Boulevard,Tampa,FL,33607,813 348 0336
870 Grand Ave,St Paul,MN,55116,651 292 1470
114 Rosedale Center,Roseville,MN,55113,651 636 0357
200 South Avenue,Bloomington,MN,55425,952 814 7419
1135 Southdale Mall,Edina,MN,55435,952 926 2739
3101 PGA Boulevard,Palm Beach Gardens,FL,33410,561 625 0277
3101 PGA Boulevard,Palm Beach Gardens,FL,33410,561 630 8506
101 Jordan Creek Parkway,West Des Moines,IA,50266,515 226 0006
140 University Town Center Dr.,Sarasota,FL,34243,941 893 3664
6000 Glades Road,Boca Raton,FL,33431,561 416 2005
1000 Highland Colony Parkway,Ridgeland,MS,39157,601 856 8104
2384 East Sunrise Blvd,Ft Lauderdale,FL,33304,954 566 6428
19501 Biscayne Blvd,Aventura,FL,33180,305 935 2739
17725 Chenal Parkway,Little Rock,AR,72223,501 821 2798
23151 Fashion Drive,Estero,FL,33928,239 390 5017
726-728 Lincoln Road,Miami,FL,33139,305 673 9806
519 Nichols Road,Kansas City,MO,64112,816 753 9744
350 San Lorenzo Avenue,Coral Gables,FL,33146,305 444 3162
342 San Lorenzo Avenue,Coral Gables ,FL,33146,305-567-0781
5435 Tamiami Trail,Naples,FL,34108,239 593 4079
5004 W 119 Street,Leawood,KS,66209,913 469 0579
7535 Dadeland Mall,Miami,FL,33156,305 740 2249
17255 Davenport Street,Omaha,NE,68118,402 289 2942
333 Shops at Canal Place,New Orleans,LA,70130,504 528 9572
3301 Veterans Memorial Blvd,Metairie,LA,70002,504 830 3405
10155 Perkins Rd,Baton Rouge,LA,70810,225 766 6482
7021 S Memorial Dr,Tulsa,OK,74133,918 294 8332
4243 Ambassador Caffery Parkway,Lafayette,LA,70508,337 993 8250
1901 NW Expressway,Oklahoma City,OK,73118,405 858 0891
6121 West Park Blvd,Plano,TX,75093,469 443 1311
8687 North Central Expressway,Dallas,TX,75225,214 987 3706
8687 North Central Expressway,Dallas,TX,75225,214 987 9700
8687 North Central Expressway,Dallas,TX,75225,469 232 9437
13350 Dallas Parkway,Dallas,TX,75240,972 385 0438
3700 McKinney Avenue,Dallas,TX,75204,214 599 6275
334 Grand Avenue West,Southlake,TX,76092,817 416 1098
1604 South University Drive,Fort Worth,TX,76107,817 885 7756
9595 Six Pines Drive,The Woodlands,TX,77380,281 419 7492
4037 Westheimer Road,Houston,TX,77027,713 552 0797
5085 Westheimer Rd,Houston,TX,77056,713 626 2739
800 Town and Country Blvd,Houston,TX,77024,713 827 1743
11501 Century Oaks Terrace,Austin,TX,78759,512 873 8659
2901 South Capital Texas Hwy,Austin,TX,78746,512 329 6447
15900 La Cantera Parkway,San Antonio,TX,78256,210 558 1072
3000 E First Avenue,Denver,CO,80206,303 322 7020
1885 Briargate Parkway,Colorado Springs,CO,80920,719 260 2316
One West Flatiron Drive,Broomfield,CO,80021,303 460 0092
205 S Mill Street,Aspen,CO,81611,970 544 1631
2240 Q Street,Albuquerque,NM,87110,505 883 2567
144 N E Promontory,Farmington,UT,84025,801 451 5032
50 South Main Street,Salt Lake City,UT,84101,801 521 4275
6191 South State,Murray,UT,84107,801 264 1028
6455 Macleod Trail SW,Calgary,AB,T2H 0K8,403 252 6196
3625 Shaganappi TR NW,Calgary,AB,T3A 0E2,403 286 1776
2905 E Skyline Drive,Tucson,AZ,85718,520 529 0011
15051 N Kierland Blvd,Scottsdale,AZ,85254,480 348 2739
7014 East Camelback Road,Scottsdale,AZ,85251,480 945 2739
2502 E Camelback Rd,Phoenix,AZ,85016,602 955 0669
350 N Milwaukee,Boise,ID,83704,208 323 8827
73 505 El Paseo,Palm Desert,CA,92260,760 340 5057
2058 Bellevue Square,Bellevue,WA,98004,425 451 2739
3000 184th St SW,Lynwood,WA,98037,425 670 2017
2660 NE University Village Street,Seattle,WA,98105,206 523 6066
535 South Center Mall,Tukwila,WA,98188,206 244 5846
2625 NE Village Lane,Seattle,WA,98105,206 527 3059
600 Pine Street,Seattle,WA,98101,206 652 9788
1915 Calle Barcelona,Carlsbad,CA,92009,760 633 0150
701 West Georgia Street,Vancouver,BC,V7Y 1G5,604 685 9726
1088 Robson Street,Vancouver,BC,BC V6E 1A7,604 684 2367
754 Main Street,West Vancouver,BC,V7T 0A5,604 921 9615
4465 La Jolla Village Drive,San Diego,CA,92122,858 678 8714
7007 Friars Road,San Diego,CA,92108,619 491 0054
548 The Shops at Mission Viejo,Mission Viejo,CA,92691,949 347 0135
3333 Bristol St.,Costa Mesa,CA,92626,714 979 2739
3333 Bristol St.,Costa Mesa,CA,92626,714 432 1958
700 SW Fifth Avenue,Portland,OR,97204,503 228 2739
3 W Colorado Blvd,Pasadena,CA,91105,626 568 2739
7397 SW Bridgeport Rd,Tigard,OR,97224,503 598 7414
857 Americana Way,Glendale,CA,91210,818 244 4975
9765 SW Washington Square Road,Portland,OR,97223,503 624 6386
189 The Grove Drive,Los Angeles,CA,90036,323 939 1070
189 The Grove Drive,Los Angeles,CA,90036,323 939 1797
14006 Riverside Dr,Sherman Oaks,CA,91423,818 990 2739
5098 N Palm Ave,Fresno,CA,93704,559 224 4074
10250 Santa Monica Blvd,Los Angeles,CA,90067,310 286 7595
21540 Hawthorne Blvd,Torrance,CA,90503,310 214 4841
2004 East Park Place,El Segundo,CA,90245,310 607 0136
1222 Third St Promenade,Santa Monica,CA,90401,310 260 9099
6600 Topanga Canyon Blvd,Canoga Park,CA,91303,818 888 1943
452 W Hillcrest Drive,Thousand Oaks,CA,91360,805 230 2697
1689 Arden Way Space,Sacramento,CA,95815,916 924 3657
2421 Stoneridge Mall Road,Pleasanton,CA,94566,925 463 2100
1292 Broadway Plaza,Walnut Creek,CA,94596,925 943 7664
2855 Stevens Creek Blvd,Santa Clara,CA,95050,408 984 5440
105 N Santa Cruz Ave,Los Gatos,CA,95030,408 354 1590
5667 Bay Street,Emeryville,CA,94608,510 450 2548
317 Stanford Shopping Center,Palo Alto,CA,94304,650 462 1190
845 MARKET STREET,San Francisco,CA,94103,415 434 2739
1234 Burlingame Avenue,Burlingame,CA,94010,650 558 8420
1524 Redwood Hwy,Corte Madera,CA,94925,415 927 2005
Ocean Avenue at Mission Street,Carmel,CA,93921,831 624 2803
171-175 Draycott Avenue,Chelsea,,SW3 3AJ,44 207 591 1350
87-135 Brompton Road,London,,SW1X7XL,44 207 893 8537
19 Marylebone High Street,London,,W1U 4BD,44 207 258 8080
16 Sloane Square,London,,SW1W 8ER,44 207 881 8530
165 Regent Street,London,,W1B 4AD,44 207 292 1580
38 Lamb's Conduit Street,London,,WC1N 3LJ,44 207 430 0326
58 Redchurch Street,London,,,020 7613 7100
"24, Rue De Sevres",Paris,,75007,+33 1 44 39 80 00
12 Rue Malher,Paris,,75004,+33 1 44 54 57 50
1450 Ala Moana Blvd,Honolulu,HI,96814,808 949 5252
Level 2 Space 2333-4,Tsim Sha Tsui,,,852 2983 6233
8 Finance Street,"Central, Hong Kong",,,852 2628 5611
1 Matheson Street,Hong Kong,,,+852 2295 3080
9 On Lan Street,"Central, Hong Kong",,,852 2706 9122
