Address,City,State,Zip
270 Greenwich Street,New York,NY,10007
95 East Houston St,New York,NY,10002
4 Union Square South,New York,NY,10003
250 7th Ave,New York,NY,10001
238 Bedford Ave,Brooklyn,NY,11249
788 S. Grand Avenue,Los Angeles,CA,90017
2520 Glendale Blvd,Los Angeles,CA,90039
331 North Glendale Ave,Glendale,CA,91206
6350 West 3rd Street,Los Angeles,CA,90036
7871 Santa Monica Blvd,West Hollywood,CA,90046
1101 S. Canal St,Chicago,IL,60607
1 N. Halsted Street,Chicago,IL,60661
255 E. Grand Ave,Chicago,IL,60611
30 West Huron St,Chicago,IL,60654
1550 N. Kingsbury Street,Chicago,IL,60642
701 Waugh Drive,Houston,TX,77019
2955 Kirby Dr,Houston,TX,77098
1700 Post Oak Blvd,Houston,TX,77056
4004 Bellaire Blvd,Houston,TX,77025
1407 South Voss Rd,Houston,TX,77057
929 South Street,Philadelphia,PA,19147
2101 Pennsylvania Avenue,Philadelphia,PA,19130
15 East Wynnewood Rd,Wynnewood,PA,19096
1558 North Kings Highway,Cherry Hill,NJ,08034
1575 The Fairway,Jenkintown,PA,19046
4701 N 20th Street,Phoenix,AZ,85016
5120 S. Rural Rd,Tempe,AZ,85282
10810 N Tatum Blvd,Phoenix,AZ,85028
2955 West Ray Road,Chandler,AZ,85225
7111 E. Mayo Blvd.,Phoenix,AZ,85054
"255 E. Basse Rd, Ste. 130",San Antonio,TX,78209
18403 Blanco Road,San Antonio,TX,78258
4301 W. William Cannon,Austin,TX,78749
12601 Hill Country Blvd,Bee Cave,TX,78738
525 N Lamar Blvd.,Austin,TX,78703
711 University Ave,San Diego,CA,92103
8825 Villa La Jolla Dr,La Jolla,CA,92037
"2600 Via De La Valle, Suite 100",Del Mar,CA,92014
23932 Aliso Creek Road,Laguna Niguel,CA,92677
283 Broadway St.,Laguna Beach,CA,92651
2510 McKinney Ave,Dallas,TX,75201
4100 Lomo Alto Dr,Highland Park,TX,75219
2118 Abrams Road,Dallas,TX,75214
"8190 Park Lane, Suite 351",Dallas,TX,75231
11700 Preston Rd,Dallas,TX,75230
777 The Alameda,San Jose,CA,95126
1690 South Bascom Ave,Campbell,CA,95008
2732 Augustine Drive,Santa Clara,CA,95054
1146 Blossom Hill Road,San Jose,CA,95118
15980 Los Gatos Blvd,Los Gatos,CA,95032
9607 Research Blvd.,Austin,TX,78759
11920 Domain Drive,Austin,TX,78758
10601 San Jose Blvd,Jacksonville,FL,32257
305 East Altamonte Drive,Altamonte Springs,FL,32701
1030 N. Orlando Ave,Winter Park,FL,32789
1815 E. Victory Drive,Savannah,GA,31404
8003 Turkey Lake Road,Orlando,FL,32819
2001 Market Street,San Francisco,CA,94114
1765 California St,San Francisco,CA,94109
399 4th Street,San Francisco,CA,94107
450 Rhode Island St,San Francisco,CA,94107
3950 24th Street,San Francisco,CA,94114
1300 E. 86th St.,Indianapolis,IN,46240
14598 Clay Terrace Blvd.,Carmel,IN,46032
2693 Edmondson Rd.,Cincinnati,OH,45209
5805 Deerfield Boulevard,Mason,OH,45040
1050 Miamisburg Centerville Road,Dayton,OH,45458
1555 W. Lane Ave,Upper Arlington,OH,43221
4100 Easton Gateway Drive,Columbus,OH,43219
3670 W. Dublin-Granville Rd,Columbus,OH,43235
3720 Vision Drive,Fort Worth,TX,76109
4801 Colleyville Blvd,Colleyville,TX,76034
801 East Lamar Blvd.,Arlington,TX,76011
6741 N MacArthur Blvd,Irving,TX,75039
4041 Waller Creek,Highland Village,TX,75077
6610 Fairview Rd.,Charlotte,NC,28210
7221 Waverly Walk Ave.,Charlotte,NC,28277
9129 Sam Furr Rd.,Huntersville,NC,28078
41 Miller Street,Winston-Salem,NC,27104
3202 West Friendly Avenue,Greensboro,NC,27408
2210 Westlake Ave,Seattle,WA,98121
2001 15th Avenue W,Seattle,WA,98119
1026 NE 64th Street,Seattle,WA,98115
10200 NE 4th St.,Bellevue,WA,98004
888 116th Ave NE,Bellevue,WA,98004
100 Pitt Street,El Paso,TX,79912
2103 Carlisle Boulevard NE,Albuquerque,NM,87110
5815 Wyoming Blvd NE,Albuquerque,NM,87109
5555 E. River Road,Tucson,AZ,85750
3360 E. Speedway Blvd.,Tucson,AZ,85716
115 Mack Ave.,Detroit,MI,48201
2880 West Maple Rd,Troy,MI,48084
7350 Orchard Lake Road,West Bloomfield,MI,48322
2918 Walton Blvd,Rochester Hills,MI,48309
3135 Washtenaw Ave,Ann Arbor,MI,48104
900 E. 11th Ave.,Denver,CO,80218
2375 E. 1st Ave,Denver,CO,80206
1111 S. Washington Street,Denver,CO,80210
870 S. Colorado Blvd.,Glendale,CO,80246
444 S.Wadsworth Blvd,Lakewood,CO,80226
1440 P Street NW,Washington,DC,20005
2201 I Street NW,Washington,DC,20037
2323 Wisconsin Ave N.W.,Washington,DC,20007
"600 H Street, NE",Washington,DC,20002
2700 Wilson Blvd,Arlington,VA,22201
5014 Poplar Avenue,Memphis,TN,38117
7825 U.S. Highway 72,Germantown,TN,38138
501 Bowman Road,Little Rock,AR,72211
1566 West McEwen Drive,Franklin,TN,37067
4021 Hillsboro Pike,Nashville,TN,37215
181 Cambridge St,Boston,MA,02114
348 Harrison Avenue,Boston,MA,02118
51 Austin St.,Charlestown,MA,02129
15 Westland Ave,Boston,MA,02115
115 Prospect St,Cambridge,MA,02139
2501 Memorial Pkwy SW,Huntsville,AL,35801
301 Manufacturers Rd,Chattanooga,TN,37405
6730 Papermill Drive,Knoxville,TN,37919
1001 Fleet Street,Baltimore,MD,21202
1330 Smith Ave,Baltimore,MD,21209
10275 Little Patuxent Pkwy,Columbia,MD,21044
200 Harker PIace,Annapolis,MD,21401
6621-B Baltimore Ave,Riverdale Park,MD,20737
6001 N. Western Ave.,Oklahoma City,OK,73118
1401 East 41st Street,Tulsa,OK,74105
9136 S. Yale Ave.,Tulsa,OK,74137
1423 N. Webb Rd.,Wichita,KS,67206
1210 NW Couch St,Portland,OR,97209
2825 East Burnside St.,Portland,OR,97214
3535 NE 15th Ave.,Portland,OR,97212
4301 NE Sandy Blvd.,Portland,OR,97213
11 S State St.,Lake Oswego,OR,97034
7250 W. Lake Mead Blvd.,Las Vegas,NV,89128
6689 Las Vegas Blvd.,Las Vegas,NV,89119
8855 West Charleston Blvd.,Las Vegas,NV,89117
100 S. Green Valley Pkwy,Henderson,NV,89012
44-459 Town Center Way,Palm Desert,CA,92260
4944 Shelbyville Road,Louisville,KY,40207
4059 Finn Way,Lexington,KY,40503
2305 N. Prospect Ave,Milwaukee,WI,53211
11100 W. Burleigh Street,Wauwatosa,WI,53222
760 Waukegan Rd,Deerfield,IL,60015
20281 N Rand Road,Kildeer,IL,60074
840 Willow Road,Northbrook,IL,60062
753 Cerrillos Rd,Santa Fe,NM,87505
7635 North Academy Blvd,Colorado Springs,CO,80920
7133 N Oracle Rd,Tucson,AZ,85704
650 W. Shaw Ave.,Fresno,CA,93704
1531 Froom Ranch Way,San Luis Obispo,CA,93405
800 Del Monte Center,Monterey,CA,93940
1710 41st Avenue,Capitola,CA,95010
4315 Arden Way,Sacramento,CA,95864
1001 Galleria Blvd.,Roseville,CA,95678
270 Palladio Parkway,Folsom,CA,95630
3682 Bel Aire Plaza,Napa,CA,94558
2941 Ygnacio Valley Rd.,Walnut Creek,CA,94598
6550 E. Pacific Coast Highway,Long Beach,CA,90803
2655 Pacific Coast Hwy,Torrance,CA,90505
7881 Edinger Ave Suite 150,Huntington Beach,CA,92647
405 North Pacific Coast Hwy,Redondo Beach,CA,90277
760 South Sepulveda Blvd.,El Segundo,CA,90245
7401 West 91st St,Overland Park,KS,66212
6621 West 119th Street,Overland Park,KS,66209
14615 W. 119th Street,Olathe,KS,66062
6055 O Street,Lincoln,NE,68510
10020 Regency Circle,Omaha,NE,68114
650 Ponce de Leon Ave NE,Atlanta,GA,30308
2111 Briarcliff Rd NE,Atlanta,GA,30329
77 West Paces Ferry Rd NW,Atlanta,GA,30305
5001 Peachtree Boulevard,Atlanta,GA,30341
5930 Roswell Rd,Atlanta,GA,30328
1800 Laskin Road,Virginia Beach,VA,23454
12080 Jefferson Ave.,Newport News,VA,23606
11173 West Broad Street,Glen Allen,VA,23060
1700 Duke St,Alexandria,VA,22314
8402 Old Keene Mill Rd,Springfield,VA,22152
4100 University Ave Suite #260,West Des Moines,IA,50266
9366 S. Colorado Blvd.,Highlands Ranch,CO,80126
6853 South York Street,Centennial,CO,80122
5155 S. Wadsworth Blvd.,Littleton,CO,80123
7400 E. Hampden Ave,Denver,CO,80231
3540 Wade Ave,Raleigh,NC,27607
8710 Six Forks Rd,Raleigh,NC,27615
102B New Waverly Place,Cary,NC,27518
621 Broad Street,Durham,NC,27705
81 South Elliot Road,Chapel Hill,NC,27514
299 SE 3rd Ave,Miami,FL,33131
1020 Alton Road,Miami Beach,FL,33139
6701 Red Road,Coral Gables,FL,33143
12150 Biscayne Blvd,North Miami,FL,33181
11701 South Dixie Highway,Pinecrest,FL,33156
230 Bay Place,Oakland,CA,94612
3000 Telegraph Ave,Berkeley,CA,94705
1025 Gilman Street,Berkeley,CA,94710
222 Hennepin Avenue,Minneapolis,MN,55401
3060 Excelsior Blvd,Minneapolis,MN,55416
1575 Selby Ave.,St Paul,MN,55104
7401 France Ave S,Edina,MN,55435
1001 Plymouth Road,Minnetonka,MN,55305
3425 N. College Avenue,Fayetteville,AR,72703
19607 Detroit Road,Rocky River,OH,44116
13998 Cedar Rd.,University Heights,OH,44118
27249 Chagrin Blvd,Woodmere,OH,44122
10576 Perry Highway,Wexford,PA,15090
300 N Broad St,New Orleans,LA,70119
5600 Magazine Street,New Orleans,LA,70115
3420 Veterans Memorial Blvd,Metairie,LA,70002
3450 Highway 190,Mandeville,LA,70471
7529 Corporate Blvd,Baton Rouge,LA,70809
24130 Valencia Blvd,Santa Clarita,CA,91355
3761 State Street,Santa Barbara,CA,93105
650 Town Center Drive,Oxnard,CA,93036
19340 Rinaldi Street,Northridge,CA,91326
740 North Moorpark Rd,Thousand Oaks,CA,91360
1131 E. Wilmington Ave.,Salt Lake City,UT,84106
1150 Ocean Ave,San Francisco,CA,94112
4211 Wai'alae Avenue,Honolulu,HI,96816
"629 Kailua Road, Suite 100",Kailua,HI,96734
70 East Kaahumanu Avenue #B,Kahului,HI,96732
6910 McKinley St,Sebastopol,CA,95472
414 Miller Ave,Mill Valley,CA,94941
3301 Imperial Hwy.,Brea,CA,92823
2847 Park Avenue,Tustin,CA,92782
415 Newport Center Drive,Newport Beach,CA,92660
8525 Irvine Center Drive,Irvine,CA,92618
15900 Southwest Freeway,Sugar Land,TX,77478
6601 S. Fry Road,Katy,TX,77494
4577 West Pine Blvd,St. Louis,MO,63108
1601 S. Brentwood Blvd,Saint Louis,MO,63144
1160 Town and Country Crossing,Town and Country,MO,63017
5880 Centre Ave,Pittsburgh,PA,15206
111 Siena Drive,Upper St. Clair,PA,15241
5200 Dublin Blvd.,Dublin,CA,94568
100 Sunset Drive,San Ramon,CA,94583
1333 Newell Ave,Walnut Creek,CA,94596
305 Radio Drive,Woodbury,MN,55125
990 W. Eisenhower Parkway,Ann Arbor,MI,48103
633 Broad Street,Newark,NJ,07102
2245 Springfield Ave.,Vauxhall,NJ,07088
235 Prospect Ave,West Orange,NJ,07052
701 Bloomfield Ave,Montclair,NJ,07042
1411 E. Renner Rd,Richardson,TX,75082
2201 Preston Road,Plano,TX,75093
The Village at Fairview,Fairview,TX,75069
"5100 Belt Line Road, Suite 1012",Addison,TX,75254
3802 Northdale Blvd.,Tampa,FL,33624
1548 North Dale Mabry Highway.,Tampa,FL,33607
301 Cornwall Rd,Oakville,ON,L6J 7Z5
87 Avenue Rd,Toronto,ON,M5R 3R9
155 Square One Drive,Mississauga,ON,L5B 0E2
1860 Bayview Avenue,Toronto,ON,M4G 3E4
4771 Yonge Street,Toronto,ON,M2N 5M5
4230 Grape Road,Mishawaka,IN,46545
27001 US 19 North,Clearwater,FL,33761
1451 1st Street,Sarasota,FL,34236
3313 University Ave,Madison,WI,53705
750 N. Martingale Rd.,Schaumburg,IL,60173
6139 S. Virginia Street,Reno,NV,89502
14956 Pines Blvd,Pembroke Pines,FL,33027
4247 Ambassador Caffery Parkway,Lafayette,LA,70508
3111 Mowry Avenue,Fremont,CA,94538
774 Emerson Street,Palo Alto,CA,94301
4800 El Camino Real,Los Altos,CA,94022
1797 Hydraulic Road,Charlottesville,VA,22901
401 S. Broadway,Boise,ID,83702
2610 Highway 20,Bend,OR,97701
544 South 700 East,Salt Lake City,UT,84102
6930 S. Highland Drive,Cottonwood Heights,UT,84121
3751 E. Foothill Blvd.,Pasadena,CA,91107
3100 Cahaba Village Plaza,Birmingham,AL,35243
1450 Taylor Rd,Montgomery,AL,36117
70 Powers Ferry Rd SE,Marietta,GA,30067
17991 NE Redmond Way,Redmond,WA,98052
2800 196th St. SW,Lynnwood,WA,98036
3997 Highway 7,Markham,ON,L3R 5M6
21347 Ventura Blvd,Woodland Hills,CA,91364
18700 Ventura Blvd,Tarzana,CA,91356
3515 Bridgeport Way West,University Place,WA,98466
Westchester's Ridge Hill,Yonkers,NY,10710
45 Vervalen Street,Closter,NJ,07624
905 River Road,Edgewater,NJ,07020
300 Bergen Town Center,Paramus,NJ,07652
100 W 125th St.,New York,NY,10027
4402 Legendary Drive,Destin,FL,32541
2607 W. 75th Street,Naperville,IL,60540
89 Danada Square East,Wheaton,IL,60189
6300 S. Robert Kingery Highway,Willowbrook,IL,60527
215 S. IL Rte 83,Elmhurst,IL,60126
500 E. Ogden Ave.,Hinsdale,IL,60521
465 South Arroyo Parkway,Pasadena,CA,91105
1380 E 70th St,Shreveport,LA,71105
5001 183 Toll Road,Cedar Park,TX,78613
702 Cross Hill Rd + Fort Jackson Blvd,Columbia,SC,29205
1140 Woodruff Road,Greenville,SC,29607
50 Shelter Cove Lane,Hilton Head Island,SC,29928
3968 Airport Blvd,Mobile,AL,36608
2750 E. Grand River Ave.,East Lansing,MI,48823
1748 W Redstone Center Dr.,Park City,UT,84098
340 Reed Street,Basalt,CO,81621
1817 Thomasville Road,Tallahassee,FL,32303
70 Merrimon Ave,Asheville,NC,28801
4 South Tunnel Rd.,Asheville,NC,28805
11041 Westheimer Rd.,Houston,TX,77042
575 Worcester Rd,Framingham,MA,01701
536 Boston Post Road,Sudbury,MA,01776
255 Hartford Ave,Bellingham,MA,02019
442 Washington Street,Wellesley,MA,02482
160 Littleton Road,Westford,MA,01886
4520 N. Sepulveda Blvd,Sherman Oaks,CA,91403
601 N Main St,Providence,RI,02904
261 Waterman St,Providence,RI,02906
151 Sockanosset Cross Road,Cranston,RI,02920
300 Legacy Place,Dedham,MA,02026
2000 N Federal Hwy,Fort Lauderdale,FL,33305
1903 S. University Drive,Davie,FL,33324
2411 N Federal Highway,Pompano Beach,FL,33062
21105 Biscayne Blvd,Aventura,FL,33180
810 University Drive,Coral Springs,FL,33071
390 Coddingtown Mall,Santa Rosa,CA,95401
1181 Yulupa Ave,Santa Rosa,CA,95405
621 E. Washington St,Petaluma,CA,94952
Sonoma Marketplace,Sonoma,CA,95476
11701 Lake Victoria Gardens Ave,Palm Beach Gardens,FL,33410
1845 Palm Beach Lakes Boulevard,West Palm Beach,FL,33401
2635 State Road 7,Wellington,FL,33414
1400 Glades Rd,Boca Raton,FL,33431
1311 Johnson Ferry Road NE,Marietta,GA,30068
2800 Old Milton Pkwy,Alpharetta,GA,30009
4500 I-55 North Suite 99,Jackson,MS,39211
9101 Strada Place,Naples,FL,34108
815 Southeast 160th Avenue,Vancouver,WA,98683
7380 SW Bridgeport Rd.,Tigard,OR,97224
12220 SW Scholls Ferry Road,Tigard,OR,97223
19440 NW Cornell Rd.,Hillsboro,OR,97124
353 E Broadway,Eugene,OR,97401
911 Soquel Ave,Santa Cruz,CA,95062
2201 S College Ave,Fort Collins,CO,80525
1250 South Hover Road,Longmont,CO,80501
2905 Pearl St,Boulder,CO,80301
1275 Alpine Ave.,Boulder,CO,80304
303 Marshall Rd.,Superior,CO,80027
1010 Park Place,San Mateo,CA,94403
327 Russell St,Hadley,MA,01035
340 N. Main St.,West Hartford,CT,06117
50 Raymond Rd,West Hartford,CT,06107
55 Welles Street,Glastonbury,CT,06033
"520 12th St. South, Suite 100",Arlington,VA,22202
20955 Stevens Creek Blvd,Cupertino,CA,95014
14357 W. Colfax Ave.,Golden,CO,80401
12746 West Jefferson Blvd,Playa Vista,CA,90094
225 Lincoln Blvd.,Venice,CA,90291
15260 S. LaGrange Road,Orland Park,IL,60462
350 Grasmere Avenue,Fairfield,CT,06824
1686 Boston Post Road,Milford,CT,06460
399 Post Road West,Westport,CT,06880
150 Ledge Road,Darien,CT,06820
5C Sugar Hollow Road,Danbury,CT,06810
923 Houston Northcutt Blvd,Mount Pleasant,SC,29464
1425 Central Ave,Albany,NY,12205
951 Bank Street,Ottawa,ON,K1S 3W7
4451 Main St.,Westminster,CO,80031
Lake Grove Commons,Lake Grove,NY,11755
3804 Oleander Drive,Wilmington,NC,28403
1255 Raritan Road Unit 150,Clark,NJ,07066
90 E. Putnam Ave.,Greenwich,CT,06830
575 Boston Post Road,Port Chester,NY,10573
110 Bloomingdale Road,White Plains,NY,10605
3502 Mt. Diablo Blvd.,Lafayette,CA,94549
790 De Long Avenue,Novato,CA,94945
340 Third St,San Rafael,CA,94901
5945 State Bridge Rd,Johns Creek,GA,30097
750 N. Krocks Road,Allentown,PA,18106
1210 Bethlehem Pike,North Wales,PA,19454
500 W. Germantown Pike,Plymouth Meeting,PA,19462
821 W. Lancaster Ave,Wayne,PA,19087
1925 Hughes Landing Blvd.,The Woodlands,TX,77380
12201 Elm Creek Blvd N,Maple Grove,MN,55369
11666 National Blvd,Los Angeles,CA,90064
121 South River Rd,Bedford,NH,03110
255 Amherst Street,Nashua,NH,03063
40 Railroad St.,Andover,MA,01810
170 Great Rd,Bedford,MA,01730
400 Cambridge Rd.,Woburn,MA,01801
45 Beacon Street,Somerville,MA,02143
340 River St,Cambridge,MA,02139
1028 Beacon Street,Brookline,MA,02446
200 Alewife Brook Pkwy,Cambridge,MA,02138
731 East Blithedale,Mill Valley,CA,94941
690 Stanyan Street,San Francisco,CA,94117
12905 Riverside Drive,Sherman Oaks,CA,91423
10133 Louetta Road,Houston,TX,77070
1250 Jefferson Ave,Redwood City,CA,94062
113 Route 9 South,Marlboro,NJ,07726
222 Main St,Madison,NJ,07940
471 State Route 35 North,Red Bank,NJ,07701
199 US HWY 41,Schererville,IN,46375
5118 S. Lake Park Ave,Chicago,IL,60615
832 W 63rd Street,Chicago,IL,60621
